inventory_id,product_id,stock_quantity,reserved_quantity,reorder_level,stock_status,last_restock_date
INV0001,P0001,81,4,8,IN_STOCK,2026-09-15
INV0002,P0002,121,3,12,IN_STOCK,2026-09-21
INV0003,P0003,224,0,12,IN_STOCK,2026-09-03
INV0004,P0004,184,4,13,IN_STOCK,2026-09-06
INV0005,P0005,59,0,16,IN_STOCK,2026-09-02
INV0006,P0006,482,1,17,IN_STOCK,2026-08-29
INV0007,P0007,108,1,7,IN_STOCK,2026-09-09
INV0008,P0008,204,1,13,IN_STOCK,2026-09-12
INV0009,P0009,369,2,7,IN_STOCK,2026-09-10
INV0010,P0010,204,1,13,IN_STOCK,2026-09-16
INV0011,P0011,127,5,6,IN_STOCK,2026-09-02
INV0012,P0012,118,5,20,IN_STOCK,2026-09-21
INV0013,P0013,285,3,13,IN_STOCK,2026-09-02
INV0014,P0014,80,0,20,IN_STOCK,2026-09-24
INV0015,P0015,415,2,18,IN_STOCK,2026-09-05
INV0016,P0016,293,0,5,IN_STOCK,2026-09-23
INV0017,P0017,232,4,10,IN_STOCK,2026-08-31
INV0018,P0018,455,0,14,IN_STOCK,2026-09-20
INV0019,P0019,286,0,5,IN_STOCK,2026-08-28
INV0020,P0020,132,4,6,IN_STOCK,2026-09-19
INV0021,P0021,402,5,9,IN_STOCK,2026-09-09
INV0022,P0022,226,2,11,IN_STOCK,2026-09-11
INV0023,P0023,241,4,8,IN_STOCK,2026-09-08
INV0024,P0024,127,4,12,IN_STOCK,2026-09-16
INV0025,P0025,450,0,15,IN_STOCK,2026-08-30
INV0026,P0026,119,2,9,IN_STOCK,2026-09-04
INV0027,P0027,423,1,18,IN_STOCK,2026-09-07
INV0028,P0028,220,2,19,IN_STOCK,2026-09-11
INV0029,P0029,419,1,8,IN_STOCK,2026-09-11
INV0030,P0030,103,3,13,IN_STOCK,2026-09-03
INV0031,P0031,438,1,5,IN_STOCK,2026-09-05
INV0032,P0032,119,1,17,IN_STOCK,2026-09-14
INV0033,P0033,484,5,19,IN_STOCK,2026-09-04
INV0034,P0034,121,3,6,IN_STOCK,2026-09-01
INV0035,P0035,309,3,20,IN_STOCK,2026-09-16
INV0036,P0036,314,3,7,IN_STOCK,2026-08-28
INV0037,P0037,327,1,7,IN_STOCK,2026-09-03
INV0038,P0038,376,0,15,IN_STOCK,2026-09-13
INV0039,P0039,485,1,7,IN_STOCK,2026-09-05
INV0040,P0040,269,3,13,IN_STOCK,2026-09-07
INV0041,P0041,90,4,19,IN_STOCK,2026-09-25
INV0042,P0042,163,5,8,IN_STOCK,2026-09-10
INV0043,P0043,89,5,13,IN_STOCK,2026-08-31
INV0044,P0044,334,4,13,IN_STOCK,2026-09-03
INV0045,P0045,434,0,13,IN_STOCK,2026-08-28
INV0046,P0046,92,1,19,IN_STOCK,2026-09-25
INV0047,P0047,289,5,6,IN_STOCK,2026-09-10
INV0048,P0048,167,1,16,IN_STOCK,2026-09-11
INV0049,P0049,191,4,18,IN_STOCK,2026-09-18
INV0050,P0050,101,1,15,IN_STOCK,2026-09-20
INV0051,P0051,65,0,17,IN_STOCK,2026-09-05
INV0052,P0052,166,3,12,IN_STOCK,2026-09-15
INV0053,P0053,405,4,13,IN_STOCK,2026-09-26
INV0054,P0054,459,0,13,IN_STOCK,2026-08-29
INV0055,P0055,186,4,15,IN_STOCK,2026-09-07
INV0056,P0056,140,1,6,IN_STOCK,2026-09-05
INV0057,P0057,495,1,15,IN_STOCK,2026-09-17
INV0058,P0058,351,5,18,IN_STOCK,2026-09-14
INV0059,P0059,350,3,17,IN_STOCK,2026-09-12
INV0060,P0060,165,5,14,IN_STOCK,2026-09-01
INV0061,P0061,236,2,11,IN_STOCK,2026-09-07
INV0062,P0062,349,1,15,IN_STOCK,2026-09-03
INV0063,P0063,22,2,6,IN_STOCK,2026-09-19
INV0064,P0064,109,3,17,IN_STOCK,2026-09-16
INV0065,P0065,408,0,18,IN_STOCK,2026-08-31
INV0066,P0066,479,3,8,IN_STOCK,2026-09-19
INV0067,P0067,323,0,18,IN_STOCK,2026-09-26
INV0068,P0068,394,2,12,IN_STOCK,2026-09-11
INV0069,P0069,49,3,14,IN_STOCK,2026-09-24
INV0070,P0070,128,0,17,IN_STOCK,2026-08-29
INV0071,P0071,287,1,19,IN_STOCK,2026-09-03
INV0072,P0072,309,5,5,IN_STOCK,2026-09-10
INV0073,P0073,395,5,17,IN_STOCK,2026-09-13
INV0074,P0074,233,2,20,IN_STOCK,2026-09-14
INV0075,P0075,440,3,19,IN_STOCK,2026-09-25
INV0076,P0076,349,3,5,IN_STOCK,2026-09-23
INV0077,P0077,143,4,17,IN_STOCK,2026-09-14
INV0078,P0078,152,1,18,IN_STOCK,2026-09-02
INV0079,P0079,36,5,16,IN_STOCK,2026-09-15
INV0080,P0080,328,1,9,IN_STOCK,2026-08-29
INV0081,P0081,248,3,13,IN_STOCK,2026-09-03
INV0082,P0082,169,4,8,IN_STOCK,2026-09-02
INV0083,P0083,213,4,11,IN_STOCK,2026-09-02
INV0084,P0084,164,3,8,IN_STOCK,2026-09-24
INV0085,P0085,199,5,7,IN_STOCK,2026-09-02
INV0086,P0086,195,5,19,IN_STOCK,2026-09-12
INV0087,P0087,325,1,20,IN_STOCK,2026-09-23
INV0088,P0088,152,1,19,IN_STOCK,2026-09-25
INV0089,P0089,263,4,15,IN_STOCK,2026-09-01
INV0090,P0090,460,4,13,IN_STOCK,2026-09-05
INV0091,P0091,260,2,12,IN_STOCK,2026-09-17
INV0092,P0092,217,3,12,IN_STOCK,2026-09-23
INV0093,P0093,186,0,18,IN_STOCK,2026-09-16
INV0094,P0094,138,3,12,IN_STOCK,2026-09-10
INV0095,P0095,496,4,10,IN_STOCK,2026-09-26
INV0096,P0096,161,0,12,IN_STOCK,2026-09-23
INV0097,P0097,37,3,14,IN_STOCK,2026-09-17
INV0098,P0098,250,0,20,IN_STOCK,2026-09-09
INV0099,P0099,430,4,7,IN_STOCK,2026-09-20
INV0100,P0100,425,0,14,IN_STOCK,2026-09-23
INV0101,P0101,320,5,12,IN_STOCK,2026-09-17
INV0102,P0102,166,1,6,IN_STOCK,2026-09-21
INV0103,P0103,90,5,12,IN_STOCK,2026-09-17
INV0104,P0104,362,0,20,IN_STOCK,2026-09-03
INV0105,P0105,369,2,19,IN_STOCK,2026-09-07
INV0106,P0106,227,2,8,IN_STOCK,2026-09-19
INV0107,P0107,94,3,14,IN_STOCK,2026-09-15
INV0108,P0108,368,2,17,IN_STOCK,2026-08-30
INV0109,P0109,30,3,18,IN_STOCK,2026-08-28
INV0110,P0110,310,5,5,IN_STOCK,2026-09-21
INV0111,P0111,343,2,19,IN_STOCK,2026-09-22
INV0112,P0112,188,2,18,IN_STOCK,2026-09-10
INV0113,P0113,157,4,17,IN_STOCK,2026-09-12
INV0114,P0114,69,4,17,IN_STOCK,2026-09-19
INV0115,P0115,275,2,16,IN_STOCK,2026-09-09
INV0116,P0116,77,2,14,IN_STOCK,2026-08-29
INV0117,P0117,169,3,5,IN_STOCK,2026-09-21
INV0118,P0118,341,4,9,IN_STOCK,2026-09-08
INV0119,P0119,251,3,12,IN_STOCK,2026-09-18
INV0120,P0120,392,3,9,IN_STOCK,2026-09-24
INV0121,P0121,146,5,5,IN_STOCK,2026-09-01
INV0122,P0122,257,4,16,IN_STOCK,2026-09-24
INV0123,P0123,367,5,12,IN_STOCK,2026-09-02
INV0124,P0124,391,4,20,IN_STOCK,2026-09-24
INV0125,P0125,312,5,15,IN_STOCK,2026-08-29
INV0126,P0126,379,4,9,IN_STOCK,2026-09-20
INV0127,P0127,183,4,17,IN_STOCK,2026-09-11
INV0128,P0128,456,5,6,IN_STOCK,2026-09-24
INV0129,P0129,232,4,8,IN_STOCK,2026-09-03
INV0130,P0130,176,1,6,IN_STOCK,2026-09-01
INV0131,P0131,281,3,18,IN_STOCK,2026-09-18
INV0132,P0132,455,2,17,IN_STOCK,2026-09-11
INV0133,P0133,336,0,13,IN_STOCK,2026-08-30
INV0134,P0134,90,5,7,IN_STOCK,2026-08-30
INV0135,P0135,243,3,14,IN_STOCK,2026-09-16
INV0136,P0136,193,2,14,IN_STOCK,2026-09-24
INV0137,P0137,452,4,6,IN_STOCK,2026-09-22
INV0138,P0138,327,4,13,IN_STOCK,2026-09-06
INV0139,P0139,27,4,16,IN_STOCK,2026-09-16
INV0140,P0140,99,5,11,IN_STOCK,2026-09-26
INV0141,P0141,435,0,10,IN_STOCK,2026-09-03
INV0142,P0142,48,2,9,IN_STOCK,2026-09-06
INV0143,P0143,145,5,8,IN_STOCK,2026-09-12
INV0144,P0144,65,2,12,IN_STOCK,2026-09-08
INV0145,P0145,341,2,7,IN_STOCK,2026-09-10
INV0146,P0146,33,2,6,IN_STOCK,2026-09-23
INV0147,P0147,79,4,17,IN_STOCK,2026-09-10
INV0148,P0148,436,4,20,IN_STOCK,2026-09-21
INV0149,P0149,237,1,12,IN_STOCK,2026-09-18
INV0150,P0150,151,2,11,IN_STOCK,2026-09-10
INV0151,P0151,315,2,5,IN_STOCK,2026-09-18
INV0152,P0152,115,1,7,IN_STOCK,2026-08-29
INV0153,P0153,413,4,5,IN_STOCK,2026-09-21
INV0154,P0154,66,1,5,IN_STOCK,2026-09-04
INV0155,P0155,18,2,10,IN_STOCK,2026-09-02
INV0156,P0156,391,2,7,IN_STOCK,2026-09-07
INV0157,P0157,123,1,6,IN_STOCK,2026-09-24
INV0158,P0158,443,2,17,IN_STOCK,2026-09-22
INV0159,P0159,174,4,9,IN_STOCK,2026-09-16
INV0160,P0160,290,5,15,IN_STOCK,2026-09-12
INV0161,P0161,60,3,8,IN_STOCK,2026-09-10
INV0162,P0162,183,2,19,IN_STOCK,2026-09-17
INV0163,P0163,201,2,9,IN_STOCK,2026-09-06
INV0164,P0164,391,4,16,IN_STOCK,2026-09-04
INV0165,P0165,178,3,8,IN_STOCK,2026-08-28
INV0166,P0166,169,5,16,IN_STOCK,2026-09-05
INV0167,P0167,124,5,8,IN_STOCK,2026-08-31
INV0168,P0168,423,1,18,IN_STOCK,2026-09-05
INV0169,P0169,24,4,10,IN_STOCK,2026-09-06
INV0170,P0170,455,1,9,IN_STOCK,2026-09-20
INV0171,P0171,25,5,7,IN_STOCK,2026-09-04
INV0172,P0172,199,2,14,IN_STOCK,2026-08-28
INV0173,P0173,396,1,6,IN_STOCK,2026-09-14
INV0174,P0174,236,5,18,IN_STOCK,2026-09-12
INV0175,P0175,155,5,20,IN_STOCK,2026-08-28
INV0176,P0176,13,2,11,IN_STOCK,2026-09-07
INV0177,P0177,71,5,5,IN_STOCK,2026-09-07
INV0178,P0178,266,4,16,IN_STOCK,2026-08-28
INV0179,P0179,481,4,7,IN_STOCK,2026-08-30
INV0180,P0180,158,2,8,IN_STOCK,2026-08-29
INV0181,P0181,55,1,18,IN_STOCK,2026-08-28
INV0182,P0182,50,3,17,IN_STOCK,2026-09-23
INV0183,P0183,49,4,8,IN_STOCK,2026-09-22
INV0184,P0184,130,4,8,IN_STOCK,2026-09-15
INV0185,P0185,399,1,7,IN_STOCK,2026-09-09
INV0186,P0186,339,0,15,IN_STOCK,2026-09-11
INV0187,P0187,333,5,14,IN_STOCK,2026-09-16
INV0188,P0188,168,5,19,IN_STOCK,2026-09-19
INV0189,P0189,324,2,17,IN_STOCK,2026-09-08
INV0190,P0190,343,5,11,IN_STOCK,2026-09-25
INV0191,P0191,62,1,15,IN_STOCK,2026-09-02
INV0192,P0192,234,1,19,IN_STOCK,2026-09-26
INV0193,P0193,208,4,18,IN_STOCK,2026-08-28
INV0194,P0194,58,5,17,IN_STOCK,2026-08-28
INV0195,P0195,349,2,9,IN_STOCK,2026-09-22
INV0196,P0196,202,1,15,IN_STOCK,2026-09-22
INV0197,P0197,19,5,16,IN_STOCK,2026-09-24
INV0198,P0198,108,3,12,IN_STOCK,2026-09-24
INV0199,P0199,269,2,6,IN_STOCK,2026-09-01
INV0200,P0200,102,1,10,IN_STOCK,2026-09-02
INV0201,P0201,395,3,19,IN_STOCK,2026-09-09
INV0202,P0202,357,3,19,IN_STOCK,2026-09-02
INV0203,P0203,420,5,9,IN_STOCK,2026-09-16
INV0204,P0204,374,2,8,IN_STOCK,2026-08-28
INV0205,P0205,85,4,18,IN_STOCK,2026-08-29
INV0206,P0206,37,3,17,IN_STOCK,2026-09-25
INV0207,P0207,24,4,15,IN_STOCK,2026-09-01
INV0208,P0208,479,2,20,IN_STOCK,2026-09-15
INV0209,P0209,19,1,13,IN_STOCK,2026-09-24
INV0210,P0210,131,2,14,IN_STOCK,2026-09-04
INV0211,P0211,244,4,7,IN_STOCK,2026-09-08
INV0212,P0212,377,0,9,IN_STOCK,2026-09-03
INV0213,P0213,302,2,18,IN_STOCK,2026-09-21
INV0214,P0214,269,0,5,IN_STOCK,2026-09-06
INV0215,P0215,392,3,5,IN_STOCK,2026-09-19
INV0216,P0216,386,4,15,IN_STOCK,2026-09-25
INV0217,P0217,99,3,19,IN_STOCK,2026-09-22
INV0218,P0218,113,0,6,IN_STOCK,2026-09-25
INV0219,P0219,139,0,6,IN_STOCK,2026-09-19
INV0220,P0220,149,1,8,IN_STOCK,2026-09-26
INV0221,P0221,105,2,20,IN_STOCK,2026-08-30
INV0222,P0222,50,3,18,IN_STOCK,2026-09-15
INV0223,P0223,177,3,14,IN_STOCK,2026-08-28
INV0224,P0224,189,4,19,IN_STOCK,2026-09-23
INV0225,P0225,48,4,17,IN_STOCK,2026-09-13
INV0226,P0226,27,2,9,IN_STOCK,2026-09-11
INV0227,P0227,26,4,9,IN_STOCK,2026-09-23
INV0228,P0228,281,4,16,IN_STOCK,2026-08-31
INV0229,P0229,265,3,17,IN_STOCK,2026-09-23
INV0230,P0230,365,1,20,IN_STOCK,2026-09-17
INV0231,P0231,54,2,15,IN_STOCK,2026-09-20
INV0232,P0232,374,0,10,IN_STOCK,2026-09-09
INV0233,P0233,414,3,20,IN_STOCK,2026-09-15
INV0234,P0234,323,5,7,IN_STOCK,2026-09-08
INV0235,P0235,403,3,18,IN_STOCK,2026-08-29
INV0236,P0236,240,4,19,IN_STOCK,2026-08-30
INV0237,P0237,231,0,6,IN_STOCK,2026-08-29
INV0238,P0238,175,3,12,IN_STOCK,2026-09-25
INV0239,P0239,150,3,9,IN_STOCK,2026-09-25
INV0240,P0240,313,3,9,IN_STOCK,2026-09-22
INV0241,P0241,33,2,13,IN_STOCK,2026-09-10
INV0242,P0242,158,0,14,IN_STOCK,2026-09-07
INV0243,P0243,90,1,19,IN_STOCK,2026-09-09
INV0244,P0244,83,1,15,IN_STOCK,2026-09-18
INV0245,P0245,64,0,15,IN_STOCK,2026-09-02
INV0246,P0246,59,2,6,IN_STOCK,2026-09-01
INV0247,P0247,488,0,15,IN_STOCK,2026-09-08
INV0248,P0248,264,0,5,IN_STOCK,2026-09-18
INV0249,P0249,190,0,6,IN_STOCK,2026-09-01
INV0250,P0250,250,2,14,IN_STOCK,2026-09-01
INV0251,P0251,401,0,17,IN_STOCK,2026-09-22
INV0252,P0252,157,4,7,IN_STOCK,2026-09-01
INV0253,P0253,75,4,8,IN_STOCK,2026-09-12
INV0254,P0254,111,2,17,IN_STOCK,2026-09-01
INV0255,P0255,421,1,20,IN_STOCK,2026-09-26
INV0256,P0256,93,0,17,IN_STOCK,2026-09-23
INV0257,P0257,163,5,20,IN_STOCK,2026-09-14
INV0258,P0258,167,5,5,IN_STOCK,2026-09-09
INV0259,P0259,308,3,20,IN_STOCK,2026-09-13
INV0260,P0260,26,1,8,IN_STOCK,2026-09-21
INV0261,P0261,363,0,11,IN_STOCK,2026-09-03
INV0262,P0262,275,5,11,IN_STOCK,2026-09-24
INV0263,P0263,245,4,15,IN_STOCK,2026-09-12
INV0264,P0264,152,0,14,IN_STOCK,2026-09-04
INV0265,P0265,172,0,20,IN_STOCK,2026-08-28
INV0266,P0266,204,0,17,IN_STOCK,2026-09-06
INV0267,P0267,187,2,19,IN_STOCK,2026-09-09
INV0268,P0268,487,4,13,IN_STOCK,2026-08-28
INV0269,P0269,473,5,12,IN_STOCK,2026-08-31
INV0270,P0270,61,2,9,IN_STOCK,2026-09-14
INV0271,P0271,254,2,11,IN_STOCK,2026-09-06
INV0272,P0272,343,3,12,IN_STOCK,2026-09-12
INV0273,P0273,413,1,20,IN_STOCK,2026-09-08
INV0274,P0274,485,1,15,IN_STOCK,2026-09-10
INV0275,P0275,149,1,11,IN_STOCK,2026-09-17
INV0276,P0276,377,4,10,IN_STOCK,2026-09-16
INV0277,P0277,108,4,10,IN_STOCK,2026-08-29
INV0278,P0278,352,4,8,IN_STOCK,2026-09-18
INV0279,P0279,206,2,12,IN_STOCK,2026-09-12
INV0280,P0280,364,4,12,IN_STOCK,2026-09-15
INV0281,P0281,361,2,14,IN_STOCK,2026-09-24
INV0282,P0282,500,1,9,IN_STOCK,2026-09-26
INV0283,P0283,477,1,20,IN_STOCK,2026-09-25
INV0284,P0284,280,0,16,IN_STOCK,2026-09-09
INV0285,P0285,113,4,9,IN_STOCK,2026-09-10
INV0286,P0286,377,4,20,IN_STOCK,2026-09-25
INV0287,P0287,272,2,18,IN_STOCK,2026-09-10
INV0288,P0288,380,1,5,IN_STOCK,2026-09-16
INV0289,P0289,33,1,18,IN_STOCK,2026-09-17
INV0290,P0290,156,3,18,IN_STOCK,2026-09-18
INV0291,P0291,202,1,7,IN_STOCK,2026-09-04
INV0292,P0292,280,4,9,IN_STOCK,2026-08-30
INV0293,P0293,227,4,17,IN_STOCK,2026-09-01
INV0294,P0294,489,0,8,IN_STOCK,2026-08-30
INV0295,P0295,61,1,6,IN_STOCK,2026-09-23
INV0296,P0296,129,0,11,IN_STOCK,2026-09-03
INV0297,P0297,173,4,15,IN_STOCK,2026-09-09
INV0298,P0298,150,5,6,IN_STOCK,2026-08-28
INV0299,P0299,34,4,16,IN_STOCK,2026-09-03
INV0300,P0300,163,2,17,IN_STOCK,2026-09-23
INV0301,P0301,422,3,19,IN_STOCK,2026-09-01
INV0302,P0302,78,0,17,IN_STOCK,2026-09-21
INV0303,P0303,57,0,11,IN_STOCK,2026-09-04
INV0304,P0304,457,1,7,IN_STOCK,2026-09-03
INV0305,P0305,165,3,5,IN_STOCK,2026-09-07
INV0306,P0306,213,1,12,IN_STOCK,2026-09-21
INV0307,P0307,167,1,13,IN_STOCK,2026-09-18
INV0308,P0308,399,3,15,IN_STOCK,2026-09-25
INV0309,P0309,389,4,9,IN_STOCK,2026-09-11
INV0310,P0310,178,1,12,IN_STOCK,2026-08-28
INV0311,P0311,380,1,20,IN_STOCK,2026-09-04
INV0312,P0312,260,1,10,IN_STOCK,2026-09-15
INV0313,P0313,401,2,5,IN_STOCK,2026-09-03
INV0314,P0314,14,0,11,IN_STOCK,2026-08-29
INV0315,P0315,18,0,5,IN_STOCK,2026-09-22
INV0316,P0316,284,1,14,IN_STOCK,2026-09-13
INV0317,P0317,278,5,9,IN_STOCK,2026-09-21
INV0318,P0318,417,2,17,IN_STOCK,2026-08-31
INV0319,P0319,366,3,12,IN_STOCK,2026-09-21
INV0320,P0320,203,4,20,IN_STOCK,2026-09-09
INV0321,P0321,340,4,15,IN_STOCK,2026-09-12
INV0322,P0322,471,3,20,IN_STOCK,2026-09-03
INV0323,P0323,346,3,6,IN_STOCK,2026-09-19
INV0324,P0324,485,1,7,IN_STOCK,2026-09-08
INV0325,P0325,469,1,15,IN_STOCK,2026-09-14
INV0326,P0326,233,0,12,IN_STOCK,2026-09-06
INV0327,P0327,149,0,19,IN_STOCK,2026-09-16
INV0328,P0328,358,3,17,IN_STOCK,2026-09-12
INV0329,P0329,52,5,13,IN_STOCK,2026-09-04
INV0330,P0330,64,3,7,IN_STOCK,2026-09-07
INV0331,P0331,62,3,9,IN_STOCK,2026-09-13
INV0332,P0332,272,1,18,IN_STOCK,2026-09-19
INV0333,P0333,315,5,15,IN_STOCK,2026-08-28
INV0334,P0334,381,3,12,IN_STOCK,2026-08-28
INV0335,P0335,147,4,14,IN_STOCK,2026-09-11
INV0336,P0336,151,3,18,IN_STOCK,2026-09-01
INV0337,P0337,379,0,20,IN_STOCK,2026-09-04
INV0338,P0338,13,4,17,IN_STOCK,2026-09-01
INV0339,P0339,427,2,9,IN_STOCK,2026-09-24
INV0340,P0340,213,1,15,IN_STOCK,2026-09-03
INV0341,P0341,428,5,17,IN_STOCK,2026-09-23
INV0342,P0342,23,3,19,IN_STOCK,2026-09-13
INV0343,P0343,81,3,14,IN_STOCK,2026-09-02
INV0344,P0344,239,4,20,IN_STOCK,2026-09-23
INV0345,P0345,288,2,6,IN_STOCK,2026-09-02
INV0346,P0346,346,2,16,IN_STOCK,2026-09-17
INV0347,P0347,417,0,18,IN_STOCK,2026-08-31
INV0348,P0348,392,3,12,IN_STOCK,2026-09-05
INV0349,P0349,257,4,8,IN_STOCK,2026-09-12
INV0350,P0350,188,4,14,IN_STOCK,2026-09-13
INV0351,P0351,59,3,19,IN_STOCK,2026-09-24
INV0352,P0352,21,3,15,IN_STOCK,2026-08-28
INV0353,P0353,292,4,10,IN_STOCK,2026-09-10
INV0354,P0354,105,1,18,IN_STOCK,2026-09-16
INV0355,P0355,209,2,5,IN_STOCK,2026-09-02
INV0356,P0356,419,1,10,IN_STOCK,2026-08-29
INV0357,P0357,280,5,15,IN_STOCK,2026-08-30
INV0358,P0358,442,0,19,IN_STOCK,2026-09-19
INV0359,P0359,170,4,8,IN_STOCK,2026-09-26
INV0360,P0360,271,5,17,IN_STOCK,2026-09-05
INV0361,P0361,105,5,20,IN_STOCK,2026-09-07
INV0362,P0362,81,3,10,IN_STOCK,2026-08-30
INV0363,P0363,79,1,11,IN_STOCK,2026-09-09
INV0364,P0364,222,3,19,IN_STOCK,2026-09-17
INV0365,P0365,159,1,6,IN_STOCK,2026-09-16
INV0366,P0366,299,1,20,IN_STOCK,2026-08-29
INV0367,P0367,431,2,16,IN_STOCK,2026-08-30
INV0368,P0368,386,2,12,IN_STOCK,2026-09-01
INV0369,P0369,234,3,8,IN_STOCK,2026-09-03
INV0370,P0370,94,2,9,IN_STOCK,2026-09-24
INV0371,P0371,315,1,10,IN_STOCK,2026-09-08
INV0372,P0372,79,5,18,IN_STOCK,2026-09-22
INV0373,P0373,374,2,15,IN_STOCK,2026-09-03
INV0374,P0374,202,1,19,IN_STOCK,2026-09-19
INV0375,P0375,365,3,16,IN_STOCK,2026-09-01
INV0376,P0376,384,4,19,IN_STOCK,2026-08-29
INV0377,P0377,432,3,11,IN_STOCK,2026-09-01
INV0378,P0378,76,0,20,IN_STOCK,2026-09-05
INV0379,P0379,485,5,10,IN_STOCK,2026-09-06
INV0380,P0380,461,4,14,IN_STOCK,2026-09-03
INV0381,P0381,200,1,10,IN_STOCK,2026-09-24
INV0382,P0382,56,5,8,IN_STOCK,2026-09-17
INV0383,P0383,125,5,19,IN_STOCK,2026-08-31
INV0384,P0384,77,0,20,IN_STOCK,2026-09-14
INV0385,P0385,62,3,15,IN_STOCK,2026-09-01
INV0386,P0386,45,5,5,IN_STOCK,2026-09-03
INV0387,P0387,480,0,18,IN_STOCK,2026-08-29
INV0388,P0388,311,3,17,IN_STOCK,2026-09-09
INV0389,P0389,137,4,14,IN_STOCK,2026-09-22
INV0390,P0390,106,2,17,IN_STOCK,2026-09-15
INV0391,P0391,133,2,20,IN_STOCK,2026-08-28
INV0392,P0392,77,3,17,IN_STOCK,2026-09-21
INV0393,P0393,400,0,20,IN_STOCK,2026-09-17
INV0394,P0394,30,3,6,IN_STOCK,2026-09-18
INV0395,P0395,52,3,9,IN_STOCK,2026-09-12
INV0396,P0396,423,5,9,IN_STOCK,2026-09-07
INV0397,P0397,383,3,12,IN_STOCK,2026-09-09
INV0398,P0398,323,3,6,IN_STOCK,2026-09-12
INV0399,P0399,369,0,5,IN_STOCK,2026-09-15
INV0400,P0400,74,3,13,IN_STOCK,2026-08-30
INV0401,P0401,42,2,13,IN_STOCK,2026-09-11
INV0402,P0402,38,2,20,IN_STOCK,2026-09-05
INV0403,P0403,62,1,8,IN_STOCK,2026-09-04
INV0404,P0404,251,2,16,IN_STOCK,2026-09-18
INV0405,P0405,137,2,18,IN_STOCK,2026-09-17
INV0406,P0406,354,2,6,IN_STOCK,2026-09-07
INV0407,P0407,453,3,14,IN_STOCK,2026-09-11
INV0408,P0408,198,1,11,IN_STOCK,2026-09-15
INV0409,P0409,198,1,20,IN_STOCK,2026-08-29
INV0410,P0410,129,1,16,IN_STOCK,2026-09-02
INV0411,P0411,63,4,11,IN_STOCK,2026-09-01
INV0412,P0412,57,5,6,IN_STOCK,2026-09-13
INV0413,P0413,307,4,8,IN_STOCK,2026-09-08
INV0414,P0414,131,4,14,IN_STOCK,2026-08-28
INV0415,P0415,149,4,12,IN_STOCK,2026-09-14
INV0416,P0416,64,1,10,IN_STOCK,2026-09-21
INV0417,P0417,404,0,11,IN_STOCK,2026-09-06
INV0418,P0418,423,3,14,IN_STOCK,2026-09-12
INV0419,P0419,192,2,17,IN_STOCK,2026-09-20
INV0420,P0420,447,0,19,IN_STOCK,2026-09-04
INV0421,P0421,72,1,5,IN_STOCK,2026-09-09
INV0422,P0422,361,0,7,IN_STOCK,2026-09-08
INV0423,P0423,111,5,19,IN_STOCK,2026-09-13
INV0424,P0424,35,1,10,IN_STOCK,2026-09-24
INV0425,P0425,205,0,18,IN_STOCK,2026-09-17
INV0426,P0426,462,4,9,IN_STOCK,2026-09-01
INV0427,P0427,461,5,20,IN_STOCK,2026-09-20
INV0428,P0428,112,4,12,IN_STOCK,2026-09-16
INV0429,P0429,410,0,20,IN_STOCK,2026-09-22
INV0430,P0430,23,2,15,IN_STOCK,2026-09-05
INV0431,P0431,193,0,12,IN_STOCK,2026-09-04
INV0432,P0432,427,4,6,IN_STOCK,2026-09-12
INV0433,P0433,313,2,15,IN_STOCK,2026-09-01
INV0434,P0434,82,3,11,IN_STOCK,2026-09-03
INV0435,P0435,38,1,12,IN_STOCK,2026-09-19
INV0436,P0436,479,2,11,IN_STOCK,2026-09-05
INV0437,P0437,85,1,9,IN_STOCK,2026-09-16
INV0438,P0438,492,3,17,IN_STOCK,2026-09-18
INV0439,P0439,90,2,18,IN_STOCK,2026-08-28
INV0440,P0440,427,1,10,IN_STOCK,2026-09-21
INV0441,P0441,495,1,17,IN_STOCK,2026-09-16
INV0442,P0442,123,3,8,IN_STOCK,2026-09-17
INV0443,P0443,173,2,10,IN_STOCK,2026-09-15
INV0444,P0444,137,1,7,IN_STOCK,2026-09-14
INV0445,P0445,234,4,18,IN_STOCK,2026-09-16
INV0446,P0446,61,0,20,IN_STOCK,2026-09-04
INV0447,P0447,160,1,5,IN_STOCK,2026-09-03
INV0448,P0448,92,0,7,IN_STOCK,2026-09-10
INV0449,P0449,230,4,10,IN_STOCK,2026-08-31
INV0450,P0450,107,0,18,IN_STOCK,2026-09-18
INV0451,P0451,59,4,6,IN_STOCK,2026-09-16
INV0452,P0452,11,5,18,IN_STOCK,2026-09-23
INV0453,P0453,115,5,10,IN_STOCK,2026-09-18
INV0454,P0454,251,1,20,IN_STOCK,2026-09-21
INV0455,P0455,199,2,10,IN_STOCK,2026-09-10
INV0456,P0456,438,4,13,IN_STOCK,2026-09-11
INV0457,P0457,186,3,18,IN_STOCK,2026-09-19
INV0458,P0458,224,3,20,IN_STOCK,2026-09-19
INV0459,P0459,472,1,6,IN_STOCK,2026-08-31
INV0460,P0460,98,1,10,IN_STOCK,2026-09-04
INV0461,P0461,113,0,9,IN_STOCK,2026-09-25
INV0462,P0462,294,1,17,IN_STOCK,2026-08-30
INV0463,P0463,277,4,18,IN_STOCK,2026-09-07
INV0464,P0464,308,5,8,IN_STOCK,2026-09-14
INV0465,P0465,459,0,18,IN_STOCK,2026-08-28
INV0466,P0466,29,0,10,IN_STOCK,2026-08-29
INV0467,P0467,365,0,17,IN_STOCK,2026-09-17
INV0468,P0468,253,2,13,IN_STOCK,2026-09-02
INV0469,P0469,449,1,8,IN_STOCK,2026-09-21
INV0470,P0470,147,4,18,IN_STOCK,2026-09-11
INV0471,P0471,398,0,16,IN_STOCK,2026-09-21
INV0472,P0472,269,3,17,IN_STOCK,2026-09-24
INV0473,P0473,438,4,6,IN_STOCK,2026-09-20
INV0474,P0474,150,2,16,IN_STOCK,2026-09-11
INV0475,P0475,133,5,16,IN_STOCK,2026-09-04
INV0476,P0476,189,1,16,IN_STOCK,2026-09-03
INV0477,P0477,93,1,11,IN_STOCK,2026-09-08
INV0478,P0478,452,4,5,IN_STOCK,2026-09-12
INV0479,P0479,321,1,14,IN_STOCK,2026-09-10
INV0480,P0480,121,1,19,IN_STOCK,2026-09-07
INV0481,P0481,271,0,16,IN_STOCK,2026-09-11
INV0482,P0482,256,2,7,IN_STOCK,2026-08-30
INV0483,P0483,106,1,9,IN_STOCK,2026-09-11
INV0484,P0484,358,2,9,IN_STOCK,2026-09-17
INV0485,P0485,208,4,6,IN_STOCK,2026-09-15
INV0486,P0486,123,0,20,IN_STOCK,2026-09-23
INV0487,P0487,251,4,9,IN_STOCK,2026-09-04
INV0488,P0488,123,4,16,IN_STOCK,2026-09-02
INV0489,P0489,160,0,19,IN_STOCK,2026-09-04
INV0490,P0490,46,3,20,IN_STOCK,2026-09-01
INV0491,P0491,221,1,6,IN_STOCK,2026-09-13
INV0492,P0492,467,1,19,IN_STOCK,2026-09-18
INV0493,P0493,333,0,10,IN_STOCK,2026-09-09
INV0494,P0494,305,3,10,IN_STOCK,2026-09-26
INV0495,P0495,216,1,18,IN_STOCK,2026-09-14
INV0496,P0496,496,1,5,IN_STOCK,2026-09-04
INV0497,P0497,125,1,16,IN_STOCK,2026-09-14
INV0498,P0498,166,4,10,IN_STOCK,2026-09-09
INV0499,P0499,276,2,15,IN_STOCK,2026-09-24
INV0500,P0500,106,4,10,IN_STOCK,2026-09-05
INV0501,P0501,311,2,10,IN_STOCK,2026-08-28
INV0502,P0502,404,3,6,IN_STOCK,2026-09-16
INV0503,P0503,223,1,19,IN_STOCK,2026-09-10
INV0504,P0504,115,3,5,IN_STOCK,2026-09-10
INV0505,P0505,320,1,9,IN_STOCK,2026-09-01
INV0506,P0506,64,5,20,IN_STOCK,2026-09-03
INV0507,P0507,161,0,10,IN_STOCK,2026-09-01
INV0508,P0508,179,5,12,IN_STOCK,2026-09-26
INV0509,P0509,262,1,9,IN_STOCK,2026-09-20
INV0510,P0510,128,1,19,IN_STOCK,2026-09-06
INV0511,P0511,457,5,6,IN_STOCK,2026-09-23
INV0512,P0512,58,4,6,IN_STOCK,2026-09-23
INV0513,P0513,499,0,13,IN_STOCK,2026-08-31
INV0514,P0514,214,0,19,IN_STOCK,2026-09-22
INV0515,P0515,67,3,9,IN_STOCK,2026-09-04
INV0516,P0516,420,1,19,IN_STOCK,2026-09-19
INV0517,P0517,257,0,20,IN_STOCK,2026-09-09
INV0518,P0518,345,2,15,IN_STOCK,2026-08-28
INV0519,P0519,362,3,8,IN_STOCK,2026-09-17
INV0520,P0520,338,4,17,IN_STOCK,2026-09-08
INV0521,P0521,268,3,20,IN_STOCK,2026-09-11
INV0522,P0522,152,5,6,IN_STOCK,2026-09-07
INV0523,P0523,50,3,19,IN_STOCK,2026-09-13
INV0524,P0524,70,4,20,IN_STOCK,2026-09-25
INV0525,P0525,291,4,5,IN_STOCK,2026-09-10
INV0526,P0526,345,5,19,IN_STOCK,2026-09-21
INV0527,P0527,402,3,20,IN_STOCK,2026-09-21
INV0528,P0528,191,4,14,IN_STOCK,2026-09-05
INV0529,P0529,262,3,9,IN_STOCK,2026-08-31
INV0530,P0530,71,5,17,IN_STOCK,2026-09-22
INV0531,P0531,33,4,8,IN_STOCK,2026-09-22
INV0532,P0532,281,2,6,IN_STOCK,2026-09-10
INV0533,P0533,98,4,9,IN_STOCK,2026-09-25
INV0534,P0534,321,4,12,IN_STOCK,2026-09-17
INV0535,P0535,80,5,18,IN_STOCK,2026-09-23
INV0536,P0536,333,5,11,IN_STOCK,2026-08-29
INV0537,P0537,481,3,9,IN_STOCK,2026-09-16
INV0538,P0538,399,2,16,IN_STOCK,2026-09-16
INV0539,P0539,156,4,18,IN_STOCK,2026-09-09
INV0540,P0540,37,3,6,IN_STOCK,2026-08-28
INV0541,P0541,363,1,14,IN_STOCK,2026-09-13
INV0542,P0542,452,4,12,IN_STOCK,2026-09-01
INV0543,P0543,484,3,17,IN_STOCK,2026-09-01
INV0544,P0544,113,1,19,IN_STOCK,2026-08-30
INV0545,P0545,160,0,19,IN_STOCK,2026-09-05
INV0546,P0546,229,1,13,IN_STOCK,2026-09-01
INV0547,P0547,248,0,9,IN_STOCK,2026-09-04
INV0548,P0548,487,4,14,IN_STOCK,2026-09-15
INV0549,P0549,279,2,12,IN_STOCK,2026-09-12
INV0550,P0550,284,2,17,IN_STOCK,2026-09-06
INV0551,P0551,179,0,16,IN_STOCK,2026-09-10
INV0552,P0552,14,4,8,IN_STOCK,2026-08-31
INV0553,P0553,205,3,8,IN_STOCK,2026-09-06
INV0554,P0554,430,3,16,IN_STOCK,2026-09-08
INV0555,P0555,174,3,7,IN_STOCK,2026-08-29
INV0556,P0556,332,2,11,IN_STOCK,2026-09-02
INV0557,P0557,406,2,18,IN_STOCK,2026-09-16
INV0558,P0558,29,0,7,IN_STOCK,2026-08-30
INV0559,P0559,304,2,12,IN_STOCK,2026-09-12
INV0560,P0560,231,3,15,IN_STOCK,2026-09-26
INV0561,P0561,378,1,7,IN_STOCK,2026-09-22
INV0562,P0562,64,0,14,IN_STOCK,2026-09-17
INV0563,P0563,205,1,17,IN_STOCK,2026-08-28
INV0564,P0564,392,3,17,IN_STOCK,2026-09-08
INV0565,P0565,457,5,9,IN_STOCK,2026-09-21
INV0566,P0566,285,1,7,IN_STOCK,2026-09-03
INV0567,P0567,445,3,9,IN_STOCK,2026-09-01
INV0568,P0568,102,4,6,IN_STOCK,2026-09-21
INV0569,P0569,138,5,8,IN_STOCK,2026-09-15
INV0570,P0570,61,1,14,IN_STOCK,2026-08-30
INV0571,P0571,325,5,14,IN_STOCK,2026-08-30
INV0572,P0572,500,2,18,IN_STOCK,2026-09-06
INV0573,P0573,151,3,16,IN_STOCK,2026-09-04
INV0574,P0574,406,1,14,IN_STOCK,2026-08-31
INV0575,P0575,466,1,11,IN_STOCK,2026-09-06
INV0576,P0576,25,0,17,IN_STOCK,2026-09-02
INV0577,P0577,467,1,20,IN_STOCK,2026-09-25
INV0578,P0578,385,3,14,IN_STOCK,2026-09-18
INV0579,P0579,15,2,12,IN_STOCK,2026-09-23
INV0580,P0580,299,3,9,IN_STOCK,2026-09-25
INV0581,P0581,145,3,16,IN_STOCK,2026-09-26
INV0582,P0582,479,3,19,IN_STOCK,2026-08-30
INV0583,P0583,334,5,13,IN_STOCK,2026-08-31
INV0584,P0584,197,3,7,IN_STOCK,2026-09-01
INV0585,P0585,259,2,20,IN_STOCK,2026-09-10
INV0586,P0586,49,1,13,IN_STOCK,2026-08-29
INV0587,P0587,348,3,12,IN_STOCK,2026-08-28
INV0588,P0588,255,1,11,IN_STOCK,2026-09-07
INV0589,P0589,32,3,9,IN_STOCK,2026-09-11
INV0590,P0590,30,0,9,IN_STOCK,2026-09-20
INV0591,P0591,316,1,5,IN_STOCK,2026-09-02
INV0592,P0592,454,1,20,IN_STOCK,2026-09-08
INV0593,P0593,329,5,13,IN_STOCK,2026-09-02
INV0594,P0594,207,0,9,IN_STOCK,2026-09-21
INV0595,P0595,224,2,9,IN_STOCK,2026-09-01
INV0596,P0596,395,2,8,IN_STOCK,2026-09-25
INV0597,P0597,469,0,18,IN_STOCK,2026-09-19
INV0598,P0598,414,2,17,IN_STOCK,2026-09-23
INV0599,P0599,254,3,12,IN_STOCK,2026-09-17
INV0600,P0600,373,3,5,IN_STOCK,2026-08-30
INV0601,P0601,345,5,11,IN_STOCK,2026-09-02
INV0602,P0602,139,3,13,IN_STOCK,2026-09-15
INV0603,P0603,396,0,11,IN_STOCK,2026-09-04
INV0604,P0604,294,4,20,IN_STOCK,2026-09-14
INV0605,P0605,447,2,8,IN_STOCK,2026-09-26
INV0606,P0606,412,2,15,IN_STOCK,2026-08-30
INV0607,P0607,421,4,7,IN_STOCK,2026-09-21
INV0608,P0608,123,4,16,IN_STOCK,2026-09-09
INV0609,P0609,345,3,14,IN_STOCK,2026-09-01
INV0610,P0610,113,0,14,IN_STOCK,2026-09-25
INV0611,P0611,355,3,6,IN_STOCK,2026-09-10
INV0612,P0612,190,0,17,IN_STOCK,2026-09-19
INV0613,P0613,480,2,7,IN_STOCK,2026-09-22
INV0614,P0614,125,2,11,IN_STOCK,2026-09-12
INV0615,P0615,269,1,8,IN_STOCK,2026-09-14
INV0616,P0616,499,2,13,IN_STOCK,2026-08-28
INV0617,P0617,257,4,12,IN_STOCK,2026-09-02
INV0618,P0618,142,1,7,IN_STOCK,2026-08-31
INV0619,P0619,284,0,5,IN_STOCK,2026-09-07
INV0620,P0620,393,0,15,IN_STOCK,2026-09-18
INV0621,P0621,121,1,13,IN_STOCK,2026-09-13
INV0622,P0622,456,5,13,IN_STOCK,2026-09-07
INV0623,P0623,71,5,7,IN_STOCK,2026-09-13
INV0624,P0624,327,4,15,IN_STOCK,2026-09-22
INV0625,P0625,153,2,17,IN_STOCK,2026-09-05
INV0626,P0626,26,0,16,IN_STOCK,2026-09-02
INV0627,P0627,16,0,11,IN_STOCK,2026-08-29
INV0628,P0628,105,4,13,IN_STOCK,2026-09-19
INV0629,P0629,265,1,18,IN_STOCK,2026-09-05
INV0630,P0630,102,5,9,IN_STOCK,2026-09-24
INV0631,P0631,231,4,17,IN_STOCK,2026-09-22
INV0632,P0632,265,2,9,IN_STOCK,2026-09-18
INV0633,P0633,138,0,6,IN_STOCK,2026-09-22
INV0634,P0634,439,3,8,IN_STOCK,2026-08-28
INV0635,P0635,487,3,13,IN_STOCK,2026-09-19
INV0636,P0636,305,2,10,IN_STOCK,2026-09-03
INV0637,P0637,387,4,19,IN_STOCK,2026-09-19
INV0638,P0638,454,3,10,IN_STOCK,2026-09-26
INV0639,P0639,92,2,15,IN_STOCK,2026-08-30
INV0640,P0640,319,4,17,IN_STOCK,2026-09-08
INV0641,P0641,221,2,10,IN_STOCK,2026-09-19
INV0642,P0642,491,2,7,IN_STOCK,2026-09-02
INV0643,P0643,290,2,6,IN_STOCK,2026-09-17
INV0644,P0644,89,0,7,IN_STOCK,2026-09-02
INV0645,P0645,236,4,9,IN_STOCK,2026-09-17
INV0646,P0646,192,4,15,IN_STOCK,2026-08-29
INV0647,P0647,100,0,19,IN_STOCK,2026-09-23
INV0648,P0648,286,3,12,IN_STOCK,2026-09-21
INV0649,P0649,89,3,14,IN_STOCK,2026-09-02
INV0650,P0650,283,3,5,IN_STOCK,2026-09-26
INV0651,P0651,417,4,5,IN_STOCK,2026-09-19
INV0652,P0652,93,0,17,IN_STOCK,2026-09-04
INV0653,P0653,274,5,13,IN_STOCK,2026-09-03
INV0654,P0654,103,4,9,IN_STOCK,2026-09-06
INV0655,P0655,368,5,20,IN_STOCK,2026-09-25
INV0656,P0656,105,5,8,IN_STOCK,2026-09-25
INV0657,P0657,129,4,7,IN_STOCK,2026-09-15
INV0658,P0658,169,4,20,IN_STOCK,2026-09-09
INV0659,P0659,38,0,13,IN_STOCK,2026-09-20
INV0660,P0660,428,1,17,IN_STOCK,2026-09-20
INV0661,P0661,136,3,6,IN_STOCK,2026-09-02
INV0662,P0662,358,2,14,IN_STOCK,2026-09-22
INV0663,P0663,336,5,14,IN_STOCK,2026-09-06
INV0664,P0664,334,5,18,IN_STOCK,2026-09-20
INV0665,P0665,14,3,6,IN_STOCK,2026-09-13
INV0666,P0666,404,5,7,IN_STOCK,2026-09-08
INV0667,P0667,40,5,16,IN_STOCK,2026-08-29
INV0668,P0668,172,5,16,IN_STOCK,2026-09-18
INV0669,P0669,138,2,6,IN_STOCK,2026-09-17
INV0670,P0670,105,1,16,IN_STOCK,2026-09-24
INV0671,P0671,89,1,19,IN_STOCK,2026-09-02
INV0672,P0672,336,1,17,IN_STOCK,2026-08-28
INV0673,P0673,347,0,17,IN_STOCK,2026-09-05
INV0674,P0674,175,4,18,IN_STOCK,2026-09-10
INV0675,P0675,101,3,6,IN_STOCK,2026-09-23
INV0676,P0676,338,2,17,IN_STOCK,2026-08-28
INV0677,P0677,123,3,7,IN_STOCK,2026-09-23
INV0678,P0678,41,1,16,IN_STOCK,2026-09-14
INV0679,P0679,280,0,6,IN_STOCK,2026-09-14
INV0680,P0680,61,0,12,IN_STOCK,2026-09-19
INV0681,P0681,295,2,18,IN_STOCK,2026-09-21
INV0682,P0682,228,0,8,IN_STOCK,2026-08-29
INV0683,P0683,283,1,19,IN_STOCK,2026-08-28
INV0684,P0684,432,1,15,IN_STOCK,2026-09-05
INV0685,P0685,484,3,13,IN_STOCK,2026-09-09
INV0686,P0686,155,4,5,IN_STOCK,2026-09-11
INV0687,P0687,448,1,15,IN_STOCK,2026-09-06
INV0688,P0688,192,3,9,IN_STOCK,2026-09-03
INV0689,P0689,141,1,14,IN_STOCK,2026-09-07
INV0690,P0690,49,3,15,IN_STOCK,2026-09-16
INV0691,P0691,29,4,17,IN_STOCK,2026-09-06
INV0692,P0692,486,4,8,IN_STOCK,2026-09-04
INV0693,P0693,278,2,6,IN_STOCK,2026-09-02
INV0694,P0694,88,1,6,IN_STOCK,2026-09-15
INV0695,P0695,158,0,17,IN_STOCK,2026-09-25
INV0696,P0696,391,0,6,IN_STOCK,2026-08-29
INV0697,P0697,406,1,9,IN_STOCK,2026-09-15
INV0698,P0698,302,0,11,IN_STOCK,2026-09-26
INV0699,P0699,407,2,18,IN_STOCK,2026-09-15
INV0700,P0700,188,5,11,IN_STOCK,2026-09-23
INV0701,P0701,96,3,16,IN_STOCK,2026-09-14
INV0702,P0702,112,0,16,IN_STOCK,2026-09-19
INV0703,P0703,484,1,9,IN_STOCK,2026-09-09
INV0704,P0704,251,3,5,IN_STOCK,2026-09-16
INV0705,P0705,394,1,13,IN_STOCK,2026-09-19
INV0706,P0706,202,5,6,IN_STOCK,2026-08-28
INV0707,P0707,326,3,13,IN_STOCK,2026-09-15
INV0708,P0708,148,0,16,IN_STOCK,2026-09-18
INV0709,P0709,270,0,8,IN_STOCK,2026-09-14
INV0710,P0710,266,5,19,IN_STOCK,2026-08-31
INV0711,P0711,211,3,10,IN_STOCK,2026-09-18
INV0712,P0712,130,2,13,IN_STOCK,2026-09-02
INV0713,P0713,125,4,9,IN_STOCK,2026-09-08
INV0714,P0714,223,5,12,IN_STOCK,2026-09-25
INV0715,P0715,239,2,9,IN_STOCK,2026-09-14
INV0716,P0716,362,3,9,IN_STOCK,2026-09-03
INV0717,P0717,282,2,8,IN_STOCK,2026-09-01
INV0718,P0718,460,4,18,IN_STOCK,2026-09-12
INV0719,P0719,106,4,8,IN_STOCK,2026-08-30
INV0720,P0720,320,4,12,IN_STOCK,2026-09-02
INV0721,P0721,362,5,20,IN_STOCK,2026-09-16
INV0722,P0722,261,2,20,IN_STOCK,2026-09-11
INV0723,P0723,401,5,5,IN_STOCK,2026-09-04
INV0724,P0724,43,5,10,IN_STOCK,2026-09-15
INV0725,P0725,228,2,17,IN_STOCK,2026-08-31
INV0726,P0726,490,4,6,IN_STOCK,2026-08-28
INV0727,P0727,285,1,17,IN_STOCK,2026-09-20
INV0728,P0728,35,5,11,IN_STOCK,2026-08-28
INV0729,P0729,246,5,10,IN_STOCK,2026-09-07
INV0730,P0730,434,5,19,IN_STOCK,2026-09-06
INV0731,P0731,490,4,9,IN_STOCK,2026-09-14
INV0732,P0732,312,4,11,IN_STOCK,2026-08-30
INV0733,P0733,56,5,8,IN_STOCK,2026-09-22
INV0734,P0734,323,2,10,IN_STOCK,2026-09-09
INV0735,P0735,456,4,9,IN_STOCK,2026-09-04
INV0736,P0736,168,1,19,IN_STOCK,2026-09-10
INV0737,P0737,328,1,13,IN_STOCK,2026-09-07
INV0738,P0738,321,0,20,IN_STOCK,2026-09-02
INV0739,P0739,236,3,7,IN_STOCK,2026-09-23
INV0740,P0740,429,3,11,IN_STOCK,2026-09-07
INV0741,P0741,28,2,9,IN_STOCK,2026-09-25
INV0742,P0742,65,2,18,IN_STOCK,2026-09-03
INV0743,P0743,194,4,6,IN_STOCK,2026-09-11
INV0744,P0744,398,2,18,IN_STOCK,2026-09-23
INV0745,P0745,178,3,18,IN_STOCK,2026-09-11
INV0746,P0746,383,5,7,IN_STOCK,2026-09-21
INV0747,P0747,304,3,16,IN_STOCK,2026-08-31
INV0748,P0748,264,0,20,IN_STOCK,2026-09-07
INV0749,P0749,70,4,5,IN_STOCK,2026-08-29
INV0750,P0750,180,2,16,IN_STOCK,2026-08-28
INV0751,P0751,140,2,7,IN_STOCK,2026-09-11
INV0752,P0752,180,0,15,IN_STOCK,2026-09-02
INV0753,P0753,436,1,15,IN_STOCK,2026-09-17
INV0754,P0754,331,4,19,IN_STOCK,2026-09-26
INV0755,P0755,299,1,15,IN_STOCK,2026-08-31
INV0756,P0756,86,1,13,IN_STOCK,2026-08-28
INV0757,P0757,320,1,17,IN_STOCK,2026-09-12
INV0758,P0758,149,3,18,IN_STOCK,2026-09-08
INV0759,P0759,120,1,14,IN_STOCK,2026-08-30
INV0760,P0760,269,0,5,IN_STOCK,2026-09-04
INV0761,P0761,168,5,15,IN_STOCK,2026-09-01
INV0762,P0762,245,4,17,IN_STOCK,2026-09-14
INV0763,P0763,180,4,19,IN_STOCK,2026-08-31
INV0764,P0764,169,2,11,IN_STOCK,2026-09-15
INV0765,P0765,405,3,19,IN_STOCK,2026-09-20
INV0766,P0766,17,5,8,IN_STOCK,2026-09-14
INV0767,P0767,492,3,14,IN_STOCK,2026-09-23
INV0768,P0768,466,3,15,IN_STOCK,2026-09-15
INV0769,P0769,64,4,17,IN_STOCK,2026-09-11
INV0770,P0770,315,2,19,IN_STOCK,2026-09-16
INV0771,P0771,50,2,19,IN_STOCK,2026-09-08
INV0772,P0772,168,0,19,IN_STOCK,2026-09-08
INV0773,P0773,103,1,15,IN_STOCK,2026-09-26
INV0774,P0774,189,1,20,IN_STOCK,2026-09-13
INV0775,P0775,217,4,8,IN_STOCK,2026-09-08
INV0776,P0776,132,3,12,IN_STOCK,2026-09-12
INV0777,P0777,426,5,18,IN_STOCK,2026-09-23
INV0778,P0778,98,0,7,IN_STOCK,2026-09-01
INV0779,P0779,176,2,8,IN_STOCK,2026-09-01
INV0780,P0780,360,0,17,IN_STOCK,2026-08-28
INV0781,P0781,472,3,5,IN_STOCK,2026-09-12
INV0782,P0782,325,3,19,IN_STOCK,2026-08-28
INV0783,P0783,55,3,5,IN_STOCK,2026-09-02
INV0784,P0784,471,1,6,IN_STOCK,2026-09-10
INV0785,P0785,130,3,18,IN_STOCK,2026-09-21
INV0786,P0786,217,3,17,IN_STOCK,2026-09-17
INV0787,P0787,106,0,17,IN_STOCK,2026-09-09
INV0788,P0788,46,2,5,IN_STOCK,2026-09-04
INV0789,P0789,338,2,18,IN_STOCK,2026-09-20
INV0790,P0790,227,0,19,IN_STOCK,2026-09-21
INV0791,P0791,305,2,20,IN_STOCK,2026-09-25
INV0792,P0792,300,1,20,IN_STOCK,2026-09-17
INV0793,P0793,449,3,13,IN_STOCK,2026-09-02
INV0794,P0794,332,3,7,IN_STOCK,2026-09-12
INV0795,P0795,408,3,5,IN_STOCK,2026-09-19
INV0796,P0796,418,4,14,IN_STOCK,2026-09-08
INV0797,P0797,382,1,13,IN_STOCK,2026-09-23
INV0798,P0798,159,3,5,IN_STOCK,2026-09-13
INV0799,P0799,445,3,13,IN_STOCK,2026-09-12
INV0800,P0800,389,1,8,IN_STOCK,2026-09-02
INV0801,P0801,199,2,10,IN_STOCK,2026-09-03
INV0802,P0802,185,1,7,IN_STOCK,2026-09-23
INV0803,P0803,404,4,17,IN_STOCK,2026-08-31
INV0804,P0804,396,1,8,IN_STOCK,2026-09-18
INV0805,P0805,253,2,12,IN_STOCK,2026-09-20
INV0806,P0806,16,1,14,IN_STOCK,2026-09-12
INV0807,P0807,336,4,16,IN_STOCK,2026-09-01
INV0808,P0808,420,2,8,IN_STOCK,2026-09-03
INV0809,P0809,393,4,12,IN_STOCK,2026-09-08
INV0810,P0810,102,3,15,IN_STOCK,2026-09-25
INV0811,P0811,278,0,8,IN_STOCK,2026-09-15
INV0812,P0812,27,0,5,IN_STOCK,2026-09-24
INV0813,P0813,372,0,8,IN_STOCK,2026-09-21
INV0814,P0814,470,0,10,IN_STOCK,2026-09-21
INV0815,P0815,489,5,7,IN_STOCK,2026-09-01
INV0816,P0816,409,0,7,IN_STOCK,2026-09-13
INV0817,P0817,142,1,13,IN_STOCK,2026-09-14
INV0818,P0818,101,4,20,IN_STOCK,2026-09-09
INV0819,P0819,64,3,19,IN_STOCK,2026-09-04
INV0820,P0820,382,3,13,IN_STOCK,2026-09-15
INV0821,P0821,146,0,9,IN_STOCK,2026-08-30
INV0822,P0822,216,5,7,IN_STOCK,2026-09-26
INV0823,P0823,284,5,16,IN_STOCK,2026-09-19
INV0824,P0824,446,1,15,IN_STOCK,2026-09-04
INV0825,P0825,30,0,17,IN_STOCK,2026-09-08
INV0826,P0826,463,0,19,IN_STOCK,2026-09-15
INV0827,P0827,260,3,17,IN_STOCK,2026-08-28
INV0828,P0828,18,1,6,IN_STOCK,2026-09-04
INV0829,P0829,118,0,19,IN_STOCK,2026-09-11
INV0830,P0830,260,1,5,IN_STOCK,2026-09-11
INV0831,P0831,333,2,6,IN_STOCK,2026-09-18
INV0832,P0832,42,2,8,IN_STOCK,2026-09-14
INV0833,P0833,182,5,17,IN_STOCK,2026-09-10
INV0834,P0834,401,5,6,IN_STOCK,2026-09-17
INV0835,P0835,82,5,18,IN_STOCK,2026-09-19
INV0836,P0836,30,2,9,IN_STOCK,2026-09-19
INV0837,P0837,51,5,5,IN_STOCK,2026-09-03
INV0838,P0838,365,4,20,IN_STOCK,2026-08-29
INV0839,P0839,220,0,12,IN_STOCK,2026-09-14
INV0840,P0840,323,0,7,IN_STOCK,2026-08-31
INV0841,P0841,108,1,8,IN_STOCK,2026-09-18
INV0842,P0842,151,2,6,IN_STOCK,2026-09-01
INV0843,P0843,91,2,6,IN_STOCK,2026-08-29
INV0844,P0844,181,0,19,IN_STOCK,2026-09-19
INV0845,P0845,412,0,5,IN_STOCK,2026-09-06
INV0846,P0846,313,4,15,IN_STOCK,2026-08-30
INV0847,P0847,176,0,12,IN_STOCK,2026-09-21
INV0848,P0848,47,0,20,IN_STOCK,2026-09-19
INV0849,P0849,485,4,19,IN_STOCK,2026-09-02
INV0850,P0850,333,0,16,IN_STOCK,2026-09-14
INV0851,P0851,301,1,6,IN_STOCK,2026-09-15
INV0852,P0852,97,1,15,IN_STOCK,2026-09-09
INV0853,P0853,447,3,12,IN_STOCK,2026-09-20
INV0854,P0854,438,3,19,IN_STOCK,2026-09-22
INV0855,P0855,232,0,12,IN_STOCK,2026-09-08
INV0856,P0856,30,2,20,IN_STOCK,2026-09-20
INV0857,P0857,241,4,20,IN_STOCK,2026-08-30
INV0858,P0858,193,2,14,IN_STOCK,2026-09-07
INV0859,P0859,449,4,5,IN_STOCK,2026-09-01
INV0860,P0860,330,4,19,IN_STOCK,2026-09-20
INV0861,P0861,161,0,18,IN_STOCK,2026-09-12
INV0862,P0862,386,4,6,IN_STOCK,2026-09-11
INV0863,P0863,326,2,6,IN_STOCK,2026-09-08
INV0864,P0864,80,1,15,IN_STOCK,2026-09-22
INV0865,P0865,456,0,11,IN_STOCK,2026-08-28
INV0866,P0866,42,3,16,IN_STOCK,2026-09-06
INV0867,P0867,357,4,14,IN_STOCK,2026-09-18
INV0868,P0868,54,2,7,IN_STOCK,2026-09-11
INV0869,P0869,67,1,9,IN_STOCK,2026-08-31
INV0870,P0870,359,5,9,IN_STOCK,2026-09-11
INV0871,P0871,42,5,5,IN_STOCK,2026-09-21
INV0872,P0872,258,4,19,IN_STOCK,2026-09-12
INV0873,P0873,126,0,20,IN_STOCK,2026-09-19
INV0874,P0874,499,3,10,IN_STOCK,2026-09-05
INV0875,P0875,92,4,12,IN_STOCK,2026-09-15
INV0876,P0876,143,1,16,IN_STOCK,2026-08-30
INV0877,P0877,186,5,9,IN_STOCK,2026-09-04
INV0878,P0878,217,2,20,IN_STOCK,2026-09-24
INV0879,P0879,289,0,15,IN_STOCK,2026-09-05
INV0880,P0880,183,3,8,IN_STOCK,2026-09-13
INV0881,P0881,215,2,12,IN_STOCK,2026-09-09
INV0882,P0882,308,5,12,IN_STOCK,2026-09-16
INV0883,P0883,356,1,7,IN_STOCK,2026-09-22
INV0884,P0884,493,5,6,IN_STOCK,2026-09-16
INV0885,P0885,200,3,5,IN_STOCK,2026-09-04
INV0886,P0886,54,3,11,IN_STOCK,2026-09-18
INV0887,P0887,383,2,18,IN_STOCK,2026-09-06
INV0888,P0888,253,4,15,IN_STOCK,2026-09-23
INV0889,P0889,337,2,13,IN_STOCK,2026-09-22
INV0890,P0890,112,2,10,IN_STOCK,2026-09-11
INV0891,P0891,165,5,20,IN_STOCK,2026-08-30
INV0892,P0892,163,5,20,IN_STOCK,2026-09-18
INV0893,P0893,340,3,12,IN_STOCK,2026-09-17
INV0894,P0894,391,3,16,IN_STOCK,2026-09-17
INV0895,P0895,361,1,20,IN_STOCK,2026-09-09
INV0896,P0896,39,2,9,IN_STOCK,2026-09-03
INV0897,P0897,194,5,18,IN_STOCK,2026-08-28
INV0898,P0898,273,2,11,IN_STOCK,2026-09-18
INV0899,P0899,456,1,15,IN_STOCK,2026-09-15
INV0900,P0900,190,1,9,IN_STOCK,2026-09-07
INV0901,P0901,220,3,15,IN_STOCK,2026-09-03
INV0902,P0902,324,1,8,IN_STOCK,2026-09-20
INV0903,P0903,255,5,16,IN_STOCK,2026-08-31
INV0904,P0904,400,1,15,IN_STOCK,2026-09-07
INV0905,P0905,448,0,9,IN_STOCK,2026-09-13
INV0906,P0906,363,0,8,IN_STOCK,2026-09-07
INV0907,P0907,65,0,6,IN_STOCK,2026-09-23
INV0908,P0908,43,4,14,IN_STOCK,2026-09-16
INV0909,P0909,471,0,11,IN_STOCK,2026-09-20
INV0910,P0910,495,1,16,IN_STOCK,2026-09-17
INV0911,P0911,44,0,8,IN_STOCK,2026-09-03
INV0912,P0912,154,3,10,IN_STOCK,2026-09-14
INV0913,P0913,104,1,19,IN_STOCK,2026-09-26
INV0914,P0914,273,1,12,IN_STOCK,2026-09-03
INV0915,P0915,276,5,9,IN_STOCK,2026-09-07
INV0916,P0916,262,0,8,IN_STOCK,2026-09-22
INV0917,P0917,125,2,18,IN_STOCK,2026-09-17
INV0918,P0918,198,2,10,IN_STOCK,2026-09-21
INV0919,P0919,347,5,7,IN_STOCK,2026-09-20
INV0920,P0920,62,2,10,IN_STOCK,2026-09-26
INV0921,P0921,442,4,17,IN_STOCK,2026-08-30
INV0922,P0922,375,1,13,IN_STOCK,2026-09-16
INV0923,P0923,152,5,9,IN_STOCK,2026-08-29
INV0924,P0924,331,3,9,IN_STOCK,2026-09-09
INV0925,P0925,23,3,10,IN_STOCK,2026-09-22
INV0926,P0926,399,3,7,IN_STOCK,2026-09-22
INV0927,P0927,261,0,13,IN_STOCK,2026-09-16
INV0928,P0928,230,5,8,IN_STOCK,2026-09-25
INV0929,P0929,26,5,10,IN_STOCK,2026-09-08
INV0930,P0930,376,5,17,IN_STOCK,2026-09-05
INV0931,P0931,360,4,20,IN_STOCK,2026-08-30
INV0932,P0932,263,5,17,IN_STOCK,2026-09-13
INV0933,P0933,75,4,16,IN_STOCK,2026-09-14
INV0934,P0934,229,2,16,IN_STOCK,2026-09-08
INV0935,P0935,341,5,14,IN_STOCK,2026-09-09
INV0936,P0936,182,1,10,IN_STOCK,2026-08-28
INV0937,P0937,452,3,18,IN_STOCK,2026-09-13
INV0938,P0938,250,5,5,IN_STOCK,2026-08-29
INV0939,P0939,423,0,20,IN_STOCK,2026-09-22
INV0940,P0940,351,2,15,IN_STOCK,2026-09-26
INV0941,P0941,335,1,7,IN_STOCK,2026-09-04
INV0942,P0942,215,3,12,IN_STOCK,2026-09-20
INV0943,P0943,300,1,20,IN_STOCK,2026-09-06
INV0944,P0944,268,2,14,IN_STOCK,2026-09-25
INV0945,P0945,138,0,19,IN_STOCK,2026-09-17
INV0946,P0946,119,0,19,IN_STOCK,2026-09-01
INV0947,P0947,40,0,11,IN_STOCK,2026-09-12
INV0948,P0948,442,2,18,IN_STOCK,2026-09-25
INV0949,P0949,431,3,14,IN_STOCK,2026-09-18
INV0950,P0950,68,1,9,IN_STOCK,2026-09-17
INV0951,P0951,233,3,18,IN_STOCK,2026-09-09
INV0952,P0952,142,3,13,IN_STOCK,2026-08-28
INV0953,P0953,38,5,7,IN_STOCK,2026-09-12
INV0954,P0954,213,3,9,IN_STOCK,2026-09-06
INV0955,P0955,496,5,13,IN_STOCK,2026-09-12
INV0956,P0956,178,2,17,IN_STOCK,2026-09-16
INV0957,P0957,150,3,19,IN_STOCK,2026-09-18
INV0958,P0958,368,1,8,IN_STOCK,2026-08-30
INV0959,P0959,195,2,20,IN_STOCK,2026-09-19
INV0960,P0960,363,5,12,IN_STOCK,2026-09-21
INV0961,P0961,195,5,8,IN_STOCK,2026-09-25
INV0962,P0962,164,3,7,IN_STOCK,2026-09-19
INV0963,P0963,460,5,18,IN_STOCK,2026-09-21
INV0964,P0964,221,2,15,IN_STOCK,2026-09-13
INV0965,P0965,190,4,18,IN_STOCK,2026-09-13
INV0966,P0966,338,5,10,IN_STOCK,2026-09-09
INV0967,P0967,170,1,7,IN_STOCK,2026-09-04
INV0968,P0968,435,0,9,IN_STOCK,2026-09-18
INV0969,P0969,143,1,10,IN_STOCK,2026-08-31
INV0970,P0970,198,2,10,IN_STOCK,2026-09-25
INV0971,P0971,341,3,12,IN_STOCK,2026-08-29
INV0972,P0972,35,0,17,IN_STOCK,2026-09-08
INV0973,P0973,97,3,8,IN_STOCK,2026-09-22
INV0974,P0974,70,2,12,IN_STOCK,2026-09-09
INV0975,P0975,230,1,11,IN_STOCK,2026-09-04
INV0976,P0976,219,0,9,IN_STOCK,2026-09-05
INV0977,P0977,474,1,12,IN_STOCK,2026-09-20
INV0978,P0978,456,1,15,IN_STOCK,2026-09-07
INV0979,P0979,47,4,8,IN_STOCK,2026-09-16
INV0980,P0980,320,4,6,IN_STOCK,2026-09-03
INV0981,P0981,199,3,9,IN_STOCK,2026-09-19
INV0982,P0982,262,2,15,IN_STOCK,2026-09-07
INV0983,P0983,69,1,15,IN_STOCK,2026-09-05
INV0984,P0984,484,5,18,IN_STOCK,2026-08-30
INV0985,P0985,467,1,10,IN_STOCK,2026-09-05
INV0986,P0986,86,3,6,IN_STOCK,2026-09-05
INV0987,P0987,233,0,8,IN_STOCK,2026-09-04
INV0988,P0988,67,0,9,IN_STOCK,2026-09-20
INV0989,P0989,437,5,10,IN_STOCK,2026-09-02
INV0990,P0990,279,2,10,IN_STOCK,2026-09-02
INV0991,P0991,464,5,15,IN_STOCK,2026-08-31
INV0992,P0992,485,2,8,IN_STOCK,2026-09-19
INV0993,P0993,242,4,13,IN_STOCK,2026-09-15
INV0994,P0994,76,2,11,IN_STOCK,2026-09-20
INV0995,P0995,290,2,17,IN_STOCK,2026-09-17
INV0996,P0996,453,0,17,IN_STOCK,2026-09-26
INV0997,P0997,216,0,14,IN_STOCK,2026-09-02
INV0998,P0998,472,3,9,IN_STOCK,2026-09-20
INV0999,P0999,463,4,17,IN_STOCK,2026-09-02
INV1000,P1000,425,1,16,IN_STOCK,2026-09-17
INV1001,P1001,272,1,15,IN_STOCK,2026-09-04
INV1002,P1002,233,1,7,IN_STOCK,2026-08-30
INV1003,P1003,228,2,14,IN_STOCK,2026-09-11
INV1004,P1004,65,5,18,IN_STOCK,2026-09-04
INV1005,P1005,140,5,7,IN_STOCK,2026-09-26
INV1006,P1006,441,5,17,IN_STOCK,2026-09-23
INV1007,P1007,380,5,19,IN_STOCK,2026-09-15
INV1008,P1008,50,4,13,IN_STOCK,2026-09-02
INV1009,P1009,16,2,10,IN_STOCK,2026-09-11
INV1010,P1010,165,4,16,IN_STOCK,2026-09-10
INV1011,P1011,67,3,5,IN_STOCK,2026-09-23
INV1012,P1012,233,4,11,IN_STOCK,2026-09-16
INV1013,P1013,21,4,8,IN_STOCK,2026-09-25
INV1014,P1014,309,4,12,IN_STOCK,2026-09-23
INV1015,P1015,62,4,18,IN_STOCK,2026-09-08
INV1016,P1016,258,1,20,IN_STOCK,2026-08-29
INV1017,P1017,293,3,7,IN_STOCK,2026-09-15
INV1018,P1018,490,5,16,IN_STOCK,2026-09-05
INV1019,P1019,250,0,16,IN_STOCK,2026-09-02
INV1020,P1020,77,3,14,IN_STOCK,2026-09-17
INV1021,P1021,154,5,7,IN_STOCK,2026-09-25
INV1022,P1022,61,4,18,IN_STOCK,2026-08-28
INV1023,P1023,461,4,13,IN_STOCK,2026-09-07
INV1024,P1024,230,2,8,IN_STOCK,2026-09-25
INV1025,P1025,184,4,16,IN_STOCK,2026-09-05
INV1026,P1026,319,3,8,IN_STOCK,2026-09-06
INV1027,P1027,322,0,8,IN_STOCK,2026-08-29
INV1028,P1028,455,2,11,IN_STOCK,2026-09-05
INV1029,P1029,265,2,8,IN_STOCK,2026-09-17
INV1030,P1030,234,0,18,IN_STOCK,2026-09-24
INV1031,P1031,97,3,7,IN_STOCK,2026-09-23
INV1032,P1032,135,4,9,IN_STOCK,2026-08-28
INV1033,P1033,469,5,19,IN_STOCK,2026-09-01
INV1034,P1034,377,0,7,IN_STOCK,2026-09-09
INV1035,P1035,232,3,6,IN_STOCK,2026-09-05
INV1036,P1036,161,3,18,IN_STOCK,2026-09-16
INV1037,P1037,433,3,13,IN_STOCK,2026-09-10
INV1038,P1038,464,4,19,IN_STOCK,2026-09-21
INV1039,P1039,181,4,17,IN_STOCK,2026-08-31
INV1040,P1040,292,1,14,IN_STOCK,2026-08-30
INV1041,P1041,133,2,14,IN_STOCK,2026-09-17
INV1042,P1042,331,4,16,IN_STOCK,2026-09-23
INV1043,P1043,387,1,5,IN_STOCK,2026-08-29
INV1044,P1044,155,3,9,IN_STOCK,2026-08-31
INV1045,P1045,108,2,16,IN_STOCK,2026-09-18
INV1046,P1046,57,2,6,IN_STOCK,2026-09-19
INV1047,P1047,199,5,17,IN_STOCK,2026-08-28
INV1048,P1048,265,0,18,IN_STOCK,2026-09-07
INV1049,P1049,258,1,19,IN_STOCK,2026-08-31
INV1050,P1050,26,5,10,IN_STOCK,2026-09-16
INV1051,P1051,199,4,14,IN_STOCK,2026-09-06
INV1052,P1052,201,2,14,IN_STOCK,2026-09-18
INV1053,P1053,311,3,18,IN_STOCK,2026-08-29
INV1054,P1054,260,2,5,IN_STOCK,2026-09-13
INV1055,P1055,256,0,14,IN_STOCK,2026-08-28
INV1056,P1056,436,4,9,IN_STOCK,2026-08-29
INV1057,P1057,86,1,15,IN_STOCK,2026-09-11
INV1058,P1058,183,0,6,IN_STOCK,2026-09-25
INV1059,P1059,297,1,8,IN_STOCK,2026-09-06
INV1060,P1060,106,3,20,IN_STOCK,2026-09-07
INV1061,P1061,412,1,11,IN_STOCK,2026-09-05
INV1062,P1062,33,3,20,IN_STOCK,2026-09-17
INV1063,P1063,450,0,15,IN_STOCK,2026-09-19
INV1064,P1064,156,3,9,IN_STOCK,2026-09-05
INV1065,P1065,40,0,15,IN_STOCK,2026-09-09
INV1066,P1066,82,0,18,IN_STOCK,2026-09-10
INV1067,P1067,395,2,12,IN_STOCK,2026-09-15
INV1068,P1068,172,4,19,IN_STOCK,2026-09-25
INV1069,P1069,477,4,5,IN_STOCK,2026-09-07
INV1070,P1070,343,3,9,IN_STOCK,2026-09-02
INV1071,P1071,266,0,11,IN_STOCK,2026-09-18
INV1072,P1072,476,4,19,IN_STOCK,2026-09-04
INV1073,P1073,95,5,5,IN_STOCK,2026-09-24
INV1074,P1074,204,5,16,IN_STOCK,2026-09-10
INV1075,P1075,388,2,7,IN_STOCK,2026-09-18
INV1076,P1076,294,4,13,IN_STOCK,2026-09-18
INV1077,P1077,395,5,19,IN_STOCK,2026-09-08
INV1078,P1078,316,0,15,IN_STOCK,2026-09-23
INV1079,P1079,471,3,5,IN_STOCK,2026-08-28
INV1080,P1080,285,4,7,IN_STOCK,2026-09-23
INV1081,P1081,190,1,17,IN_STOCK,2026-09-07
INV1082,P1082,199,4,11,IN_STOCK,2026-09-24
INV1083,P1083,358,5,16,IN_STOCK,2026-08-29
INV1084,P1084,129,4,20,IN_STOCK,2026-09-16
INV1085,P1085,430,2,17,IN_STOCK,2026-09-12
INV1086,P1086,347,0,10,IN_STOCK,2026-09-09
INV1087,P1087,487,1,12,IN_STOCK,2026-08-30
INV1088,P1088,324,3,13,IN_STOCK,2026-09-04
INV1089,P1089,442,4,18,IN_STOCK,2026-09-13
INV1090,P1090,398,5,6,IN_STOCK,2026-09-26
INV1091,P1091,210,2,11,IN_STOCK,2026-09-26
INV1092,P1092,500,1,7,IN_STOCK,2026-09-23
INV1093,P1093,24,4,20,IN_STOCK,2026-09-12
INV1094,P1094,252,5,12,IN_STOCK,2026-09-02
INV1095,P1095,401,1,8,IN_STOCK,2026-09-26
INV1096,P1096,203,0,15,IN_STOCK,2026-09-07
INV1097,P1097,322,5,18,IN_STOCK,2026-09-26
INV1098,P1098,445,3,17,IN_STOCK,2026-09-07
INV1099,P1099,242,0,17,IN_STOCK,2026-09-03
INV1100,P1100,242,2,15,IN_STOCK,2026-09-19
INV1101,P1101,375,5,7,IN_STOCK,2026-09-04
INV1102,P1102,141,1,16,IN_STOCK,2026-09-20
INV1103,P1103,418,3,6,IN_STOCK,2026-09-05
INV1104,P1104,343,0,16,IN_STOCK,2026-09-23
INV1105,P1105,318,0,15,IN_STOCK,2026-09-01
INV1106,P1106,357,1,9,IN_STOCK,2026-09-04
INV1107,P1107,112,5,11,IN_STOCK,2026-09-24
INV1108,P1108,249,5,15,IN_STOCK,2026-09-02
INV1109,P1109,178,2,10,IN_STOCK,2026-09-15
INV1110,P1110,337,1,12,IN_STOCK,2026-09-07
INV1111,P1111,423,5,17,IN_STOCK,2026-09-13
INV1112,P1112,193,2,5,IN_STOCK,2026-08-30
INV1113,P1113,477,5,16,IN_STOCK,2026-09-11
INV1114,P1114,122,2,13,IN_STOCK,2026-09-24
INV1115,P1115,100,3,13,IN_STOCK,2026-09-17
INV1116,P1116,463,1,8,IN_STOCK,2026-08-30
INV1117,P1117,348,3,10,IN_STOCK,2026-09-03
INV1118,P1118,461,1,9,IN_STOCK,2026-09-17
INV1119,P1119,335,5,12,IN_STOCK,2026-09-17
INV1120,P1120,177,1,12,IN_STOCK,2026-09-18
INV1121,P1121,117,2,7,IN_STOCK,2026-09-16
INV1122,P1122,201,0,20,IN_STOCK,2026-09-13
INV1123,P1123,376,2,20,IN_STOCK,2026-09-05
INV1124,P1124,468,2,11,IN_STOCK,2026-09-19
INV1125,P1125,302,4,10,IN_STOCK,2026-09-05
INV1126,P1126,161,5,19,IN_STOCK,2026-09-23
INV1127,P1127,328,4,15,IN_STOCK,2026-09-11
INV1128,P1128,421,5,20,IN_STOCK,2026-09-14
INV1129,P1129,145,0,7,IN_STOCK,2026-09-06
INV1130,P1130,60,0,8,IN_STOCK,2026-09-25
INV1131,P1131,110,1,15,IN_STOCK,2026-09-20
INV1132,P1132,80,0,13,IN_STOCK,2026-09-09
INV1133,P1133,494,0,17,IN_STOCK,2026-09-25
INV1134,P1134,453,1,17,IN_STOCK,2026-09-15
INV1135,P1135,412,0,19,IN_STOCK,2026-08-29
INV1136,P1136,117,2,19,IN_STOCK,2026-09-18
INV1137,P1137,166,1,5,IN_STOCK,2026-08-28
INV1138,P1138,400,0,14,IN_STOCK,2026-09-21
INV1139,P1139,497,3,15,IN_STOCK,2026-09-23
INV1140,P1140,114,2,17,IN_STOCK,2026-09-18
INV1141,P1141,178,0,19,IN_STOCK,2026-09-11
INV1142,P1142,100,4,6,IN_STOCK,2026-08-28
INV1143,P1143,155,4,11,IN_STOCK,2026-09-17
INV1144,P1144,275,3,5,IN_STOCK,2026-09-21
INV1145,P1145,284,4,18,IN_STOCK,2026-09-14
INV1146,P1146,231,0,20,IN_STOCK,2026-09-17
INV1147,P1147,151,3,11,IN_STOCK,2026-08-29
INV1148,P1148,423,5,12,IN_STOCK,2026-09-05
INV1149,P1149,30,4,7,IN_STOCK,2026-08-30
INV1150,P1150,431,2,10,IN_STOCK,2026-09-23
INV1151,P1151,244,0,17,IN_STOCK,2026-08-28
INV1152,P1152,150,2,14,IN_STOCK,2026-09-02
INV1153,P1153,72,0,16,IN_STOCK,2026-09-24
INV1154,P1154,139,2,11,IN_STOCK,2026-09-05
INV1155,P1155,205,1,15,IN_STOCK,2026-09-25
INV1156,P1156,373,3,9,IN_STOCK,2026-08-30
INV1157,P1157,346,1,12,IN_STOCK,2026-09-05
INV1158,P1158,320,4,8,IN_STOCK,2026-09-06
INV1159,P1159,353,2,5,IN_STOCK,2026-08-31
INV1160,P1160,375,5,6,IN_STOCK,2026-09-15
INV1161,P1161,338,0,8,IN_STOCK,2026-09-11
INV1162,P1162,402,4,11,IN_STOCK,2026-09-08
INV1163,P1163,24,0,5,IN_STOCK,2026-08-29
INV1164,P1164,380,0,10,IN_STOCK,2026-09-10
INV1165,P1165,330,1,11,IN_STOCK,2026-09-09
INV1166,P1166,119,1,8,IN_STOCK,2026-09-23
INV1167,P1167,16,2,17,IN_STOCK,2026-09-24
INV1168,P1168,32,1,7,IN_STOCK,2026-08-29
INV1169,P1169,415,4,10,IN_STOCK,2026-09-25
INV1170,P1170,365,5,9,IN_STOCK,2026-09-07
INV1171,P1171,19,4,19,IN_STOCK,2026-09-05
INV1172,P1172,325,1,8,IN_STOCK,2026-09-04
INV1173,P1173,40,3,9,IN_STOCK,2026-09-13
INV1174,P1174,338,5,6,IN_STOCK,2026-09-06
INV1175,P1175,172,2,6,IN_STOCK,2026-09-09
INV1176,P1176,185,0,12,IN_STOCK,2026-09-07
INV1177,P1177,321,2,17,IN_STOCK,2026-09-05
INV1178,P1178,45,3,11,IN_STOCK,2026-08-28
INV1179,P1179,313,3,11,IN_STOCK,2026-09-05
INV1180,P1180,379,0,11,IN_STOCK,2026-09-08
INV1181,P1181,305,4,19,IN_STOCK,2026-09-14
INV1182,P1182,203,3,10,IN_STOCK,2026-08-31
INV1183,P1183,429,1,20,IN_STOCK,2026-08-29
INV1184,P1184,314,1,9,IN_STOCK,2026-09-04
INV1185,P1185,155,1,17,IN_STOCK,2026-09-15
INV1186,P1186,110,4,9,IN_STOCK,2026-09-13
INV1187,P1187,483,5,18,IN_STOCK,2026-09-13
INV1188,P1188,46,3,18,IN_STOCK,2026-08-30
INV1189,P1189,400,4,18,IN_STOCK,2026-09-02
INV1190,P1190,343,5,17,IN_STOCK,2026-09-07
INV1191,P1191,333,5,5,IN_STOCK,2026-09-13
INV1192,P1192,140,0,12,IN_STOCK,2026-09-10
INV1193,P1193,339,5,17,IN_STOCK,2026-09-12
INV1194,P1194,434,1,18,IN_STOCK,2026-08-29
INV1195,P1195,220,5,7,IN_STOCK,2026-09-07
INV1196,P1196,117,3,17,IN_STOCK,2026-09-16
INV1197,P1197,45,4,18,IN_STOCK,2026-09-25
INV1198,P1198,201,3,10,IN_STOCK,2026-09-21
INV1199,P1199,240,3,11,IN_STOCK,2026-09-23
INV1200,P1200,142,2,18,IN_STOCK,2026-09-24
INV1201,P1201,53,5,17,IN_STOCK,2026-09-10
INV1202,P1202,130,2,20,IN_STOCK,2026-09-07
INV1203,P1203,350,1,6,IN_STOCK,2026-09-06
INV1204,P1204,399,0,13,IN_STOCK,2026-09-08
INV1205,P1205,359,0,15,IN_STOCK,2026-09-06
INV1206,P1206,192,3,15,IN_STOCK,2026-09-04
INV1207,P1207,23,1,8,IN_STOCK,2026-09-11
INV1208,P1208,273,0,18,IN_STOCK,2026-09-08
INV1209,P1209,357,4,19,IN_STOCK,2026-09-16
INV1210,P1210,490,2,20,IN_STOCK,2026-09-04
INV1211,P1211,83,0,6,IN_STOCK,2026-09-25
INV1212,P1212,457,5,19,IN_STOCK,2026-09-17
INV1213,P1213,97,2,7,IN_STOCK,2026-09-03
INV1214,P1214,402,5,13,IN_STOCK,2026-08-28
INV1215,P1215,482,2,20,IN_STOCK,2026-09-23
INV1216,P1216,43,3,15,IN_STOCK,2026-08-29
INV1217,P1217,69,5,14,IN_STOCK,2026-09-13
INV1218,P1218,489,0,11,IN_STOCK,2026-09-24
INV1219,P1219,305,2,5,IN_STOCK,2026-09-23
INV1220,P1220,404,3,16,IN_STOCK,2026-09-08
INV1221,P1221,285,0,19,IN_STOCK,2026-09-02
INV1222,P1222,85,1,14,IN_STOCK,2026-09-03
INV1223,P1223,73,0,13,IN_STOCK,2026-09-10
INV1224,P1224,370,4,17,IN_STOCK,2026-09-10
INV1225,P1225,368,4,6,IN_STOCK,2026-09-01
INV1226,P1226,210,4,15,IN_STOCK,2026-09-04
INV1227,P1227,280,0,14,IN_STOCK,2026-09-25
INV1228,P1228,395,4,6,IN_STOCK,2026-08-30
INV1229,P1229,366,1,20,IN_STOCK,2026-09-18
INV1230,P1230,386,3,5,IN_STOCK,2026-09-13
INV1231,P1231,357,3,10,IN_STOCK,2026-09-26
INV1232,P1232,70,4,15,IN_STOCK,2026-09-16
INV1233,P1233,70,4,12,IN_STOCK,2026-09-12
INV1234,P1234,407,5,7,IN_STOCK,2026-09-26
INV1235,P1235,71,2,8,IN_STOCK,2026-09-26
INV1236,P1236,310,0,20,IN_STOCK,2026-09-26
INV1237,P1237,369,4,18,IN_STOCK,2026-09-03
INV1238,P1238,375,0,10,IN_STOCK,2026-08-30
INV1239,P1239,438,5,8,IN_STOCK,2026-09-02
INV1240,P1240,238,2,15,IN_STOCK,2026-09-03
INV1241,P1241,92,1,7,IN_STOCK,2026-09-08
INV1242,P1242,196,2,10,IN_STOCK,2026-09-21
INV1243,P1243,473,4,14,IN_STOCK,2026-09-16
INV1244,P1244,277,3,16,IN_STOCK,2026-09-06
INV1245,P1245,131,2,6,IN_STOCK,2026-08-31
INV1246,P1246,120,0,16,IN_STOCK,2026-09-20
INV1247,P1247,143,0,17,IN_STOCK,2026-09-19
INV1248,P1248,491,0,9,IN_STOCK,2026-09-11
INV1249,P1249,375,2,16,IN_STOCK,2026-09-25
INV1250,P1250,171,5,18,IN_STOCK,2026-09-15
INV1251,P1251,282,1,8,IN_STOCK,2026-09-10
INV1252,P1252,408,5,13,IN_STOCK,2026-09-04
INV1253,P1253,123,2,17,IN_STOCK,2026-08-31
INV1254,P1254,311,3,20,IN_STOCK,2026-08-28
INV1255,P1255,148,1,8,IN_STOCK,2026-09-15
INV1256,P1256,422,2,17,IN_STOCK,2026-09-05
INV1257,P1257,375,2,9,IN_STOCK,2026-09-25
INV1258,P1258,37,3,16,IN_STOCK,2026-09-10
INV1259,P1259,191,0,19,IN_STOCK,2026-09-01
INV1260,P1260,495,4,14,IN_STOCK,2026-09-24
INV1261,P1261,132,2,7,IN_STOCK,2026-09-06
INV1262,P1262,423,0,5,IN_STOCK,2026-09-18
INV1263,P1263,360,3,8,IN_STOCK,2026-09-13
INV1264,P1264,369,2,16,IN_STOCK,2026-09-01
INV1265,P1265,472,5,12,IN_STOCK,2026-09-25
INV1266,P1266,263,2,17,IN_STOCK,2026-09-03
INV1267,P1267,158,3,14,IN_STOCK,2026-09-05
INV1268,P1268,211,0,11,IN_STOCK,2026-09-16
INV1269,P1269,39,0,16,IN_STOCK,2026-09-18
INV1270,P1270,64,2,5,IN_STOCK,2026-08-31
INV1271,P1271,261,2,11,IN_STOCK,2026-09-08
INV1272,P1272,13,1,9,IN_STOCK,2026-09-01
INV1273,P1273,196,5,18,IN_STOCK,2026-09-20
INV1274,P1274,92,0,9,IN_STOCK,2026-09-15
INV1275,P1275,155,1,6,IN_STOCK,2026-09-08
INV1276,P1276,351,4,11,IN_STOCK,2026-09-16
INV1277,P1277,419,4,9,IN_STOCK,2026-09-03
INV1278,P1278,500,4,8,IN_STOCK,2026-09-17
INV1279,P1279,402,0,12,IN_STOCK,2026-09-10
INV1280,P1280,232,2,20,IN_STOCK,2026-09-19
INV1281,P1281,136,0,9,IN_STOCK,2026-09-12
INV1282,P1282,351,0,18,IN_STOCK,2026-09-04
INV1283,P1283,127,2,8,IN_STOCK,2026-09-21
INV1284,P1284,228,2,5,IN_STOCK,2026-09-16
INV1285,P1285,166,2,12,IN_STOCK,2026-09-09
INV1286,P1286,339,0,6,IN_STOCK,2026-09-15
INV1287,P1287,374,1,18,IN_STOCK,2026-09-01
INV1288,P1288,348,4,15,IN_STOCK,2026-09-03
INV1289,P1289,139,1,20,IN_STOCK,2026-08-29
INV1290,P1290,359,4,9,IN_STOCK,2026-09-17
INV1291,P1291,117,0,17,IN_STOCK,2026-09-02
INV1292,P1292,310,1,11,IN_STOCK,2026-09-18
INV1293,P1293,399,0,11,IN_STOCK,2026-09-08
INV1294,P1294,374,2,13,IN_STOCK,2026-08-29
INV1295,P1295,257,2,18,IN_STOCK,2026-08-28
INV1296,P1296,158,4,6,IN_STOCK,2026-09-24
INV1297,P1297,263,4,7,IN_STOCK,2026-09-25
INV1298,P1298,115,0,10,IN_STOCK,2026-09-04
INV1299,P1299,460,5,19,IN_STOCK,2026-09-22
INV1300,P1300,292,4,8,IN_STOCK,2026-09-10
INV1301,P1301,337,4,9,IN_STOCK,2026-09-12
INV1302,P1302,431,5,11,IN_STOCK,2026-09-03
INV1303,P1303,176,4,7,IN_STOCK,2026-09-10
INV1304,P1304,330,2,5,IN_STOCK,2026-08-30
INV1305,P1305,346,4,8,IN_STOCK,2026-09-06
INV1306,P1306,176,5,13,IN_STOCK,2026-09-05
INV1307,P1307,198,2,9,IN_STOCK,2026-09-02
INV1308,P1308,106,0,20,IN_STOCK,2026-08-31
INV1309,P1309,361,3,11,IN_STOCK,2026-09-14
INV1310,P1310,475,0,17,IN_STOCK,2026-09-08
INV1311,P1311,203,2,17,IN_STOCK,2026-09-13
INV1312,P1312,404,3,7,IN_STOCK,2026-09-14
INV1313,P1313,287,0,15,IN_STOCK,2026-08-28
INV1314,P1314,466,5,19,IN_STOCK,2026-09-12
INV1315,P1315,288,2,13,IN_STOCK,2026-09-01
INV1316,P1316,161,2,8,IN_STOCK,2026-09-10
INV1317,P1317,228,5,17,IN_STOCK,2026-09-07
INV1318,P1318,361,0,8,IN_STOCK,2026-09-03
INV1319,P1319,49,1,15,IN_STOCK,2026-09-01
INV1320,P1320,101,0,18,IN_STOCK,2026-09-25
INV1321,P1321,329,0,14,IN_STOCK,2026-09-02
INV1322,P1322,413,4,5,IN_STOCK,2026-09-11
INV1323,P1323,379,0,20,IN_STOCK,2026-09-08
INV1324,P1324,175,0,9,IN_STOCK,2026-08-30
INV1325,P1325,365,3,18,IN_STOCK,2026-09-22
INV1326,P1326,291,0,20,IN_STOCK,2026-09-18
INV1327,P1327,307,3,18,IN_STOCK,2026-09-20
INV1328,P1328,11,2,11,IN_STOCK,2026-09-25
INV1329,P1329,476,3,16,IN_STOCK,2026-09-19
INV1330,P1330,134,4,11,IN_STOCK,2026-09-03
INV1331,P1331,366,0,18,IN_STOCK,2026-09-09
INV1332,P1332,25,2,9,IN_STOCK,2026-09-19
INV1333,P1333,435,1,18,IN_STOCK,2026-09-26
INV1334,P1334,367,4,14,IN_STOCK,2026-09-03
INV1335,P1335,89,4,6,IN_STOCK,2026-09-15
INV1336,P1336,436,1,18,IN_STOCK,2026-09-09
INV1337,P1337,226,0,10,IN_STOCK,2026-09-03
INV1338,P1338,215,2,6,IN_STOCK,2026-09-04
INV1339,P1339,254,1,15,IN_STOCK,2026-09-01
INV1340,P1340,109,1,13,IN_STOCK,2026-09-21
INV1341,P1341,443,5,15,IN_STOCK,2026-09-23
INV1342,P1342,43,4,11,IN_STOCK,2026-09-08
INV1343,P1343,133,5,13,IN_STOCK,2026-09-09
INV1344,P1344,33,0,6,IN_STOCK,2026-09-12
INV1345,P1345,500,5,17,IN_STOCK,2026-09-23
INV1346,P1346,179,0,18,IN_STOCK,2026-09-02
INV1347,P1347,254,3,6,IN_STOCK,2026-09-25
INV1348,P1348,57,1,12,IN_STOCK,2026-09-05
INV1349,P1349,183,5,14,IN_STOCK,2026-08-28
INV1350,P1350,322,5,7,IN_STOCK,2026-09-11
INV1351,P1351,402,1,14,IN_STOCK,2026-09-23
INV1352,P1352,488,1,14,IN_STOCK,2026-09-20
INV1353,P1353,46,5,10,IN_STOCK,2026-09-20
INV1354,P1354,491,5,8,IN_STOCK,2026-08-30
INV1355,P1355,219,4,9,IN_STOCK,2026-09-17
INV1356,P1356,359,1,18,IN_STOCK,2026-09-20
INV1357,P1357,389,3,12,IN_STOCK,2026-09-15
INV1358,P1358,301,0,17,IN_STOCK,2026-09-24
INV1359,P1359,188,5,19,IN_STOCK,2026-09-06
INV1360,P1360,479,4,17,IN_STOCK,2026-09-07
INV1361,P1361,185,2,20,IN_STOCK,2026-09-08
INV1362,P1362,89,4,20,IN_STOCK,2026-09-05
INV1363,P1363,406,5,17,IN_STOCK,2026-09-25
INV1364,P1364,118,1,5,IN_STOCK,2026-09-25
INV1365,P1365,45,3,13,IN_STOCK,2026-09-24
INV1366,P1366,119,4,13,IN_STOCK,2026-09-17
INV1367,P1367,94,1,11,IN_STOCK,2026-09-14
INV1368,P1368,191,0,17,IN_STOCK,2026-09-01
INV1369,P1369,306,3,9,IN_STOCK,2026-09-14
INV1370,P1370,452,1,15,IN_STOCK,2026-09-26
INV1371,P1371,240,4,9,IN_STOCK,2026-08-30
INV1372,P1372,225,5,10,IN_STOCK,2026-09-05
INV1373,P1373,499,3,5,IN_STOCK,2026-09-13
INV1374,P1374,368,1,20,IN_STOCK,2026-09-19
INV1375,P1375,228,4,15,IN_STOCK,2026-09-23
INV1376,P1376,293,2,10,IN_STOCK,2026-09-11
INV1377,P1377,369,2,8,IN_STOCK,2026-09-18
INV1378,P1378,63,1,20,IN_STOCK,2026-09-10
INV1379,P1379,422,3,6,IN_STOCK,2026-08-30
INV1380,P1380,292,4,17,IN_STOCK,2026-09-22
INV1381,P1381,221,3,17,IN_STOCK,2026-09-13
INV1382,P1382,460,4,13,IN_STOCK,2026-09-21
INV1383,P1383,17,2,5,IN_STOCK,2026-09-14
INV1384,P1384,230,2,12,IN_STOCK,2026-09-22
INV1385,P1385,229,1,9,IN_STOCK,2026-09-22
INV1386,P1386,233,4,12,IN_STOCK,2026-09-06
INV1387,P1387,441,0,13,IN_STOCK,2026-09-23
INV1388,P1388,233,5,5,IN_STOCK,2026-09-05
INV1389,P1389,22,3,9,IN_STOCK,2026-09-12
INV1390,P1390,284,2,12,IN_STOCK,2026-09-18
INV1391,P1391,336,5,8,IN_STOCK,2026-09-20
INV1392,P1392,144,4,10,IN_STOCK,2026-09-03
INV1393,P1393,61,3,20,IN_STOCK,2026-09-16
INV1394,P1394,117,0,18,IN_STOCK,2026-09-05
INV1395,P1395,472,0,10,IN_STOCK,2026-08-28
INV1396,P1396,257,3,5,IN_STOCK,2026-09-21
INV1397,P1397,284,4,5,IN_STOCK,2026-09-09
INV1398,P1398,25,1,15,IN_STOCK,2026-09-16
INV1399,P1399,256,5,11,IN_STOCK,2026-09-20
INV1400,P1400,233,2,17,IN_STOCK,2026-09-03
INV1401,P1401,308,5,14,IN_STOCK,2026-09-25
INV1402,P1402,427,1,15,IN_STOCK,2026-09-05
INV1403,P1403,190,4,16,IN_STOCK,2026-09-14
INV1404,P1404,310,1,18,IN_STOCK,2026-09-11
INV1405,P1405,102,5,15,IN_STOCK,2026-09-07
INV1406,P1406,346,4,16,IN_STOCK,2026-09-12
INV1407,P1407,377,0,15,IN_STOCK,2026-09-15
INV1408,P1408,207,5,14,IN_STOCK,2026-08-31
INV1409,P1409,376,1,7,IN_STOCK,2026-09-25
INV1410,P1410,111,1,11,IN_STOCK,2026-09-16
INV1411,P1411,71,5,8,IN_STOCK,2026-09-05
INV1412,P1412,20,0,14,IN_STOCK,2026-09-23
INV1413,P1413,440,1,17,IN_STOCK,2026-09-04
INV1414,P1414,45,1,20,IN_STOCK,2026-09-05
INV1415,P1415,187,5,17,IN_STOCK,2026-09-05
INV1416,P1416,211,0,14,IN_STOCK,2026-09-14
INV1417,P1417,34,5,5,IN_STOCK,2026-08-28
INV1418,P1418,55,0,11,IN_STOCK,2026-09-02
INV1419,P1419,66,5,6,IN_STOCK,2026-09-22
INV1420,P1420,415,3,17,IN_STOCK,2026-09-05
INV1421,P1421,74,1,15,IN_STOCK,2026-09-14
INV1422,P1422,277,1,12,IN_STOCK,2026-09-16
INV1423,P1423,405,2,20,IN_STOCK,2026-09-05
INV1424,P1424,437,0,12,IN_STOCK,2026-09-11
INV1425,P1425,16,4,11,IN_STOCK,2026-09-18
INV1426,P1426,426,0,15,IN_STOCK,2026-09-05
INV1427,P1427,122,5,16,IN_STOCK,2026-09-23
INV1428,P1428,106,1,7,IN_STOCK,2026-09-16
INV1429,P1429,62,5,9,IN_STOCK,2026-09-06
INV1430,P1430,146,0,5,IN_STOCK,2026-09-25
INV1431,P1431,53,5,16,IN_STOCK,2026-09-09
INV1432,P1432,270,0,15,IN_STOCK,2026-09-05
INV1433,P1433,342,3,17,IN_STOCK,2026-08-28
INV1434,P1434,314,0,13,IN_STOCK,2026-09-01
INV1435,P1435,340,2,12,IN_STOCK,2026-09-05
INV1436,P1436,146,1,12,IN_STOCK,2026-09-04
INV1437,P1437,368,3,17,IN_STOCK,2026-09-08
INV1438,P1438,97,1,11,IN_STOCK,2026-09-10
INV1439,P1439,267,1,20,IN_STOCK,2026-09-01
INV1440,P1440,95,5,10,IN_STOCK,2026-09-10
INV1441,P1441,20,5,10,IN_STOCK,2026-09-24
INV1442,P1442,252,0,5,IN_STOCK,2026-09-24
INV1443,P1443,358,2,14,IN_STOCK,2026-09-05
INV1444,P1444,61,2,14,IN_STOCK,2026-09-25
INV1445,P1445,349,3,20,IN_STOCK,2026-08-28
INV1446,P1446,373,3,15,IN_STOCK,2026-08-28
INV1447,P1447,382,5,5,IN_STOCK,2026-09-26
INV1448,P1448,25,4,12,IN_STOCK,2026-09-17
INV1449,P1449,109,5,17,IN_STOCK,2026-09-16
INV1450,P1450,145,2,16,IN_STOCK,2026-09-05
INV1451,P1451,31,3,15,IN_STOCK,2026-09-18
INV1452,P1452,14,5,20,IN_STOCK,2026-08-29
INV1453,P1453,295,1,10,IN_STOCK,2026-09-03
INV1454,P1454,242,5,6,IN_STOCK,2026-09-16
INV1455,P1455,12,1,18,IN_STOCK,2026-09-16
INV1456,P1456,412,1,9,IN_STOCK,2026-08-28
INV1457,P1457,480,3,7,IN_STOCK,2026-09-09
INV1458,P1458,425,2,17,IN_STOCK,2026-09-13
INV1459,P1459,169,1,10,IN_STOCK,2026-08-30
INV1460,P1460,359,5,11,IN_STOCK,2026-09-25
INV1461,P1461,166,5,7,IN_STOCK,2026-09-14
INV1462,P1462,410,1,18,IN_STOCK,2026-09-17
INV1463,P1463,374,3,16,IN_STOCK,2026-09-06
INV1464,P1464,24,3,5,IN_STOCK,2026-09-05
INV1465,P1465,134,2,16,IN_STOCK,2026-08-31
INV1466,P1466,74,3,17,IN_STOCK,2026-09-20
INV1467,P1467,148,0,8,IN_STOCK,2026-09-10
INV1468,P1468,452,2,6,IN_STOCK,2026-08-29
INV1469,P1469,297,0,20,IN_STOCK,2026-08-28
INV1470,P1470,378,3,5,IN_STOCK,2026-09-08
INV1471,P1471,319,3,8,IN_STOCK,2026-09-26
INV1472,P1472,436,1,19,IN_STOCK,2026-08-31
INV1473,P1473,429,0,12,IN_STOCK,2026-08-30
INV1474,P1474,231,0,9,IN_STOCK,2026-09-01
INV1475,P1475,389,5,11,IN_STOCK,2026-09-24
INV1476,P1476,198,3,13,IN_STOCK,2026-09-07
INV1477,P1477,24,4,14,IN_STOCK,2026-09-08
INV1478,P1478,27,2,19,IN_STOCK,2026-09-14
INV1479,P1479,151,1,5,IN_STOCK,2026-09-06
INV1480,P1480,209,3,7,IN_STOCK,2026-09-23
INV1481,P1481,152,0,14,IN_STOCK,2026-09-05
INV1482,P1482,304,2,13,IN_STOCK,2026-09-03
INV1483,P1483,44,1,6,IN_STOCK,2026-09-04
INV1484,P1484,265,2,20,IN_STOCK,2026-09-11
INV1485,P1485,396,2,18,IN_STOCK,2026-09-19
INV1486,P1486,47,1,19,IN_STOCK,2026-09-01
INV1487,P1487,203,3,9,IN_STOCK,2026-09-01
INV1488,P1488,234,0,14,IN_STOCK,2026-09-25
INV1489,P1489,22,3,8,IN_STOCK,2026-09-07
INV1490,P1490,300,4,7,IN_STOCK,2026-09-15
INV1491,P1491,433,0,20,IN_STOCK,2026-08-28
INV1492,P1492,228,4,17,IN_STOCK,2026-08-30
INV1493,P1493,162,3,8,IN_STOCK,2026-09-17
INV1494,P1494,179,2,5,IN_STOCK,2026-08-29
INV1495,P1495,157,2,7,IN_STOCK,2026-09-22
INV1496,P1496,289,5,8,IN_STOCK,2026-09-03
INV1497,P1497,225,1,13,IN_STOCK,2026-09-19
INV1498,P1498,483,3,6,IN_STOCK,2026-09-20
INV1499,P1499,496,1,18,IN_STOCK,2026-08-29
INV1500,P1500,380,5,6,IN_STOCK,2026-09-12
INV1501,P1501,189,2,18,IN_STOCK,2026-09-16
INV1502,P1502,283,3,17,IN_STOCK,2026-09-10
INV1503,P1503,203,3,9,IN_STOCK,2026-09-16
INV1504,P1504,469,2,16,IN_STOCK,2026-09-02
INV1505,P1505,57,1,5,IN_STOCK,2026-09-17
INV1506,P1506,426,3,6,IN_STOCK,2026-08-30
INV1507,P1507,32,1,15,IN_STOCK,2026-09-20
INV1508,P1508,255,3,8,IN_STOCK,2026-09-18
INV1509,P1509,371,1,16,IN_STOCK,2026-09-03
INV1510,P1510,279,0,13,IN_STOCK,2026-09-15
INV1511,P1511,371,1,20,IN_STOCK,2026-09-10
INV1512,P1512,166,5,11,IN_STOCK,2026-09-07
INV1513,P1513,235,3,19,IN_STOCK,2026-09-22
INV1514,P1514,311,3,17,IN_STOCK,2026-09-14
INV1515,P1515,263,1,5,IN_STOCK,2026-08-28
INV1516,P1516,104,4,18,IN_STOCK,2026-08-28
INV1517,P1517,482,4,13,IN_STOCK,2026-09-24
INV1518,P1518,232,5,18,IN_STOCK,2026-09-12
INV1519,P1519,227,1,13,IN_STOCK,2026-09-08
INV1520,P1520,153,0,13,IN_STOCK,2026-09-19
INV1521,P1521,29,2,13,IN_STOCK,2026-09-05
INV1522,P1522,301,5,15,IN_STOCK,2026-09-06
INV1523,P1523,14,2,19,IN_STOCK,2026-09-10
INV1524,P1524,39,4,7,IN_STOCK,2026-09-17
INV1525,P1525,142,2,13,IN_STOCK,2026-09-01
INV1526,P1526,85,5,6,IN_STOCK,2026-09-18
INV1527,P1527,31,0,12,IN_STOCK,2026-09-17
INV1528,P1528,286,2,6,IN_STOCK,2026-09-04
INV1529,P1529,67,5,7,IN_STOCK,2026-09-07
INV1530,P1530,46,4,18,IN_STOCK,2026-09-02
INV1531,P1531,194,2,15,IN_STOCK,2026-09-06
INV1532,P1532,92,5,16,IN_STOCK,2026-09-06
INV1533,P1533,321,3,11,IN_STOCK,2026-09-16
INV1534,P1534,435,0,6,IN_STOCK,2026-09-02
INV1535,P1535,267,0,18,IN_STOCK,2026-08-28
INV1536,P1536,276,4,19,IN_STOCK,2026-09-26
INV1537,P1537,134,0,16,IN_STOCK,2026-09-09
INV1538,P1538,237,1,18,IN_STOCK,2026-09-10
INV1539,P1539,319,2,12,IN_STOCK,2026-09-01
INV1540,P1540,407,2,18,IN_STOCK,2026-09-18
INV1541,P1541,184,1,15,IN_STOCK,2026-09-11
INV1542,P1542,304,5,20,IN_STOCK,2026-09-03
INV1543,P1543,224,4,13,IN_STOCK,2026-09-06
INV1544,P1544,363,4,10,IN_STOCK,2026-09-01
INV1545,P1545,215,4,12,IN_STOCK,2026-09-15
INV1546,P1546,325,4,8,IN_STOCK,2026-09-13
INV1547,P1547,240,1,18,IN_STOCK,2026-09-10
INV1548,P1548,311,5,7,IN_STOCK,2026-09-10
INV1549,P1549,234,3,10,IN_STOCK,2026-09-02
INV1550,P1550,184,4,6,IN_STOCK,2026-09-06
INV1551,P1551,156,0,15,IN_STOCK,2026-09-19
INV1552,P1552,230,1,13,IN_STOCK,2026-09-05
INV1553,P1553,94,0,8,IN_STOCK,2026-09-19
INV1554,P1554,157,2,13,IN_STOCK,2026-09-19
INV1555,P1555,115,5,10,IN_STOCK,2026-09-15
INV1556,P1556,13,4,20,IN_STOCK,2026-09-22
INV1557,P1557,384,3,19,IN_STOCK,2026-09-14
INV1558,P1558,237,4,18,IN_STOCK,2026-09-20
INV1559,P1559,191,2,7,IN_STOCK,2026-09-17
INV1560,P1560,332,0,7,IN_STOCK,2026-08-29
INV1561,P1561,348,3,6,IN_STOCK,2026-09-17
INV1562,P1562,145,1,20,IN_STOCK,2026-09-07
INV1563,P1563,111,1,7,IN_STOCK,2026-09-09
INV1564,P1564,322,0,11,IN_STOCK,2026-09-26
INV1565,P1565,333,5,12,IN_STOCK,2026-09-11
INV1566,P1566,458,2,14,IN_STOCK,2026-09-05
INV1567,P1567,161,5,8,IN_STOCK,2026-08-30
INV1568,P1568,349,3,18,IN_STOCK,2026-09-10
INV1569,P1569,187,2,17,IN_STOCK,2026-09-17
INV1570,P1570,130,5,5,IN_STOCK,2026-08-31
INV1571,P1571,405,2,15,IN_STOCK,2026-09-19
INV1572,P1572,214,4,13,IN_STOCK,2026-09-12
INV1573,P1573,429,1,6,IN_STOCK,2026-09-13
INV1574,P1574,284,5,11,IN_STOCK,2026-09-01
INV1575,P1575,20,3,5,IN_STOCK,2026-09-21
INV1576,P1576,275,5,11,IN_STOCK,2026-09-23
INV1577,P1577,158,4,10,IN_STOCK,2026-09-18
INV1578,P1578,442,4,5,IN_STOCK,2026-08-28
INV1579,P1579,154,4,14,IN_STOCK,2026-09-01
INV1580,P1580,73,2,17,IN_STOCK,2026-09-21
INV1581,P1581,47,0,18,IN_STOCK,2026-09-26
INV1582,P1582,415,3,17,IN_STOCK,2026-09-24
INV1583,P1583,164,3,13,IN_STOCK,2026-09-06
INV1584,P1584,229,4,7,IN_STOCK,2026-09-05
INV1585,P1585,269,1,12,IN_STOCK,2026-09-11
INV1586,P1586,375,1,8,IN_STOCK,2026-09-05
INV1587,P1587,238,2,16,IN_STOCK,2026-08-29
INV1588,P1588,424,0,7,IN_STOCK,2026-09-05
INV1589,P1589,137,2,7,IN_STOCK,2026-09-10
INV1590,P1590,399,2,12,IN_STOCK,2026-09-24
INV1591,P1591,182,3,9,IN_STOCK,2026-09-07
INV1592,P1592,117,1,20,IN_STOCK,2026-09-18
INV1593,P1593,372,4,20,IN_STOCK,2026-09-11
INV1594,P1594,202,2,9,IN_STOCK,2026-09-09
INV1595,P1595,455,3,8,IN_STOCK,2026-09-09
INV1596,P1596,259,1,9,IN_STOCK,2026-08-31
INV1597,P1597,160,3,13,IN_STOCK,2026-09-21
INV1598,P1598,277,4,11,IN_STOCK,2026-09-05
INV1599,P1599,117,0,15,IN_STOCK,2026-09-07
INV1600,P1600,101,5,9,IN_STOCK,2026-09-10
INV1601,P1601,285,0,19,IN_STOCK,2026-09-13
INV1602,P1602,44,0,16,IN_STOCK,2026-09-17
INV1603,P1603,155,4,18,IN_STOCK,2026-09-13
INV1604,P1604,488,1,13,IN_STOCK,2026-09-06
INV1605,P1605,153,1,10,IN_STOCK,2026-09-21
INV1606,P1606,340,3,17,IN_STOCK,2026-09-15
INV1607,P1607,117,0,10,IN_STOCK,2026-09-24
INV1608,P1608,83,1,10,IN_STOCK,2026-09-09
INV1609,P1609,423,3,19,IN_STOCK,2026-09-18
INV1610,P1610,70,3,12,IN_STOCK,2026-09-24
INV1611,P1611,439,4,15,IN_STOCK,2026-08-28
INV1612,P1612,374,5,9,IN_STOCK,2026-09-05
INV1613,P1613,138,0,8,IN_STOCK,2026-09-14
INV1614,P1614,404,0,16,IN_STOCK,2026-09-11
INV1615,P1615,487,5,5,IN_STOCK,2026-09-23
INV1616,P1616,168,4,15,IN_STOCK,2026-09-14
INV1617,P1617,149,3,6,IN_STOCK,2026-09-07
INV1618,P1618,150,5,6,IN_STOCK,2026-09-15
INV1619,P1619,242,1,20,IN_STOCK,2026-09-03
INV1620,P1620,323,1,9,IN_STOCK,2026-09-17
INV1621,P1621,336,5,6,IN_STOCK,2026-09-24
INV1622,P1622,180,1,15,IN_STOCK,2026-09-24
INV1623,P1623,223,1,6,IN_STOCK,2026-08-30
INV1624,P1624,237,2,6,IN_STOCK,2026-09-10
INV1625,P1625,335,0,5,IN_STOCK,2026-09-19
INV1626,P1626,300,0,7,IN_STOCK,2026-09-05
INV1627,P1627,383,2,7,IN_STOCK,2026-09-06
INV1628,P1628,413,0,5,IN_STOCK,2026-09-22
INV1629,P1629,392,4,9,IN_STOCK,2026-09-18
INV1630,P1630,81,3,15,IN_STOCK,2026-09-09
INV1631,P1631,161,0,13,IN_STOCK,2026-08-31
INV1632,P1632,188,2,19,IN_STOCK,2026-08-28
INV1633,P1633,301,5,11,IN_STOCK,2026-08-28
INV1634,P1634,267,4,13,IN_STOCK,2026-09-25
INV1635,P1635,143,3,6,IN_STOCK,2026-09-13
INV1636,P1636,310,1,15,IN_STOCK,2026-09-08
INV1637,P1637,332,0,16,IN_STOCK,2026-09-21
INV1638,P1638,341,2,8,IN_STOCK,2026-09-13
INV1639,P1639,395,1,5,IN_STOCK,2026-09-12
INV1640,P1640,252,4,12,IN_STOCK,2026-09-20
INV1641,P1641,163,0,6,IN_STOCK,2026-09-10
INV1642,P1642,498,0,17,IN_STOCK,2026-09-05
INV1643,P1643,463,2,11,IN_STOCK,2026-09-01
INV1644,P1644,56,4,14,IN_STOCK,2026-09-15
INV1645,P1645,10,4,9,LOW_STOCK,2026-09-10
INV1646,P1646,449,5,11,IN_STOCK,2026-09-08
INV1647,P1647,442,5,16,IN_STOCK,2026-09-12
INV1648,P1648,291,1,17,IN_STOCK,2026-09-25
INV1649,P1649,208,0,9,IN_STOCK,2026-09-26
INV1650,P1650,315,3,17,IN_STOCK,2026-08-28
INV1651,P1651,403,5,12,IN_STOCK,2026-08-29
INV1652,P1652,478,2,7,IN_STOCK,2026-09-25
INV1653,P1653,164,4,18,IN_STOCK,2026-09-07
INV1654,P1654,155,1,14,IN_STOCK,2026-09-20
INV1655,P1655,213,5,8,IN_STOCK,2026-09-22
INV1656,P1656,421,5,5,IN_STOCK,2026-08-31
INV1657,P1657,15,5,20,IN_STOCK,2026-09-09
INV1658,P1658,389,0,8,IN_STOCK,2026-09-17
INV1659,P1659,442,3,16,IN_STOCK,2026-08-30
INV1660,P1660,455,1,7,IN_STOCK,2026-09-11
INV1661,P1661,273,3,19,IN_STOCK,2026-09-20
INV1662,P1662,454,2,20,IN_STOCK,2026-09-16
INV1663,P1663,182,0,14,IN_STOCK,2026-09-01
INV1664,P1664,223,0,5,IN_STOCK,2026-09-11
INV1665,P1665,192,4,6,IN_STOCK,2026-09-07
INV1666,P1666,74,4,9,IN_STOCK,2026-09-19
INV1667,P1667,480,1,19,IN_STOCK,2026-09-21
INV1668,P1668,321,4,8,IN_STOCK,2026-09-22
INV1669,P1669,21,2,10,IN_STOCK,2026-09-09
INV1670,P1670,302,0,13,IN_STOCK,2026-09-10
INV1671,P1671,252,3,11,IN_STOCK,2026-09-07
INV1672,P1672,33,5,17,IN_STOCK,2026-09-19
INV1673,P1673,410,2,18,IN_STOCK,2026-08-30
INV1674,P1674,172,2,8,IN_STOCK,2026-09-16
INV1675,P1675,323,3,14,IN_STOCK,2026-09-15
INV1676,P1676,253,4,5,IN_STOCK,2026-08-31
INV1677,P1677,447,5,20,IN_STOCK,2026-09-23
INV1678,P1678,26,1,7,IN_STOCK,2026-09-18
INV1679,P1679,199,0,14,IN_STOCK,2026-09-14
INV1680,P1680,329,5,10,IN_STOCK,2026-09-17
INV1681,P1681,394,0,14,IN_STOCK,2026-09-09
INV1682,P1682,59,5,17,IN_STOCK,2026-09-17
INV1683,P1683,402,4,17,IN_STOCK,2026-09-19
INV1684,P1684,173,0,16,IN_STOCK,2026-09-03
INV1685,P1685,263,5,19,IN_STOCK,2026-09-15
INV1686,P1686,11,2,15,IN_STOCK,2026-09-08
INV1687,P1687,106,1,5,IN_STOCK,2026-09-16
INV1688,P1688,384,1,18,IN_STOCK,2026-09-23
INV1689,P1689,251,1,7,IN_STOCK,2026-08-31
INV1690,P1690,452,1,11,IN_STOCK,2026-09-14
INV1691,P1691,489,5,11,IN_STOCK,2026-09-11
INV1692,P1692,246,0,19,IN_STOCK,2026-09-01
INV1693,P1693,338,5,8,IN_STOCK,2026-09-22
INV1694,P1694,13,1,6,IN_STOCK,2026-09-15
INV1695,P1695,223,1,13,IN_STOCK,2026-09-22
INV1696,P1696,433,1,6,IN_STOCK,2026-09-26
INV1697,P1697,484,1,19,IN_STOCK,2026-09-24
INV1698,P1698,432,1,8,IN_STOCK,2026-08-29
INV1699,P1699,417,2,20,IN_STOCK,2026-08-30
INV1700,P1700,395,3,12,IN_STOCK,2026-09-04
INV1701,P1701,240,0,13,IN_STOCK,2026-09-18
INV1702,P1702,85,5,14,IN_STOCK,2026-09-20
INV1703,P1703,159,3,14,IN_STOCK,2026-09-05
INV1704,P1704,89,1,9,IN_STOCK,2026-09-25
INV1705,P1705,126,4,5,IN_STOCK,2026-09-02
INV1706,P1706,379,1,17,IN_STOCK,2026-08-28
INV1707,P1707,170,0,16,IN_STOCK,2026-09-22
INV1708,P1708,469,0,17,IN_STOCK,2026-09-11
INV1709,P1709,124,5,9,IN_STOCK,2026-09-13
INV1710,P1710,245,5,5,IN_STOCK,2026-08-29
INV1711,P1711,497,1,15,IN_STOCK,2026-09-19
INV1712,P1712,300,2,12,IN_STOCK,2026-09-24
INV1713,P1713,100,5,6,IN_STOCK,2026-09-15
INV1714,P1714,385,2,7,IN_STOCK,2026-08-28
INV1715,P1715,134,5,20,IN_STOCK,2026-09-11
INV1716,P1716,110,3,20,IN_STOCK,2026-09-08
INV1717,P1717,287,1,11,IN_STOCK,2026-09-14
INV1718,P1718,450,5,8,IN_STOCK,2026-09-16
INV1719,P1719,396,0,18,IN_STOCK,2026-09-17
INV1720,P1720,257,1,14,IN_STOCK,2026-08-29
INV1721,P1721,357,3,14,IN_STOCK,2026-09-13
INV1722,P1722,467,3,20,IN_STOCK,2026-08-29
INV1723,P1723,58,0,19,IN_STOCK,2026-09-08
INV1724,P1724,119,1,14,IN_STOCK,2026-09-09
INV1725,P1725,484,2,11,IN_STOCK,2026-09-18
INV1726,P1726,212,0,10,IN_STOCK,2026-09-09
INV1727,P1727,409,4,13,IN_STOCK,2026-09-17
INV1728,P1728,180,1,16,IN_STOCK,2026-09-25
INV1729,P1729,12,5,17,IN_STOCK,2026-09-21
INV1730,P1730,150,3,5,IN_STOCK,2026-09-08
INV1731,P1731,228,0,17,IN_STOCK,2026-09-07
INV1732,P1732,235,0,13,IN_STOCK,2026-08-29
INV1733,P1733,255,1,20,IN_STOCK,2026-09-16
INV1734,P1734,310,1,17,IN_STOCK,2026-09-20
INV1735,P1735,199,0,19,IN_STOCK,2026-09-18
INV1736,P1736,176,1,18,IN_STOCK,2026-09-07
INV1737,P1737,55,3,19,IN_STOCK,2026-08-29
INV1738,P1738,428,0,14,IN_STOCK,2026-09-16
INV1739,P1739,238,3,11,IN_STOCK,2026-09-19
INV1740,P1740,111,1,13,IN_STOCK,2026-09-02
INV1741,P1741,220,5,18,IN_STOCK,2026-09-23
INV1742,P1742,18,1,18,IN_STOCK,2026-09-03
INV1743,P1743,304,2,15,IN_STOCK,2026-09-05
INV1744,P1744,282,5,10,IN_STOCK,2026-09-05
INV1745,P1745,402,4,18,IN_STOCK,2026-09-17
INV1746,P1746,47,5,10,IN_STOCK,2026-09-16
INV1747,P1747,304,4,14,IN_STOCK,2026-09-20
INV1748,P1748,175,5,18,IN_STOCK,2026-09-24
INV1749,P1749,177,4,19,IN_STOCK,2026-09-10
INV1750,P1750,115,4,14,IN_STOCK,2026-08-31
INV1751,P1751,286,4,16,IN_STOCK,2026-09-26
INV1752,P1752,113,2,14,IN_STOCK,2026-08-28
INV1753,P1753,23,3,9,IN_STOCK,2026-09-21
INV1754,P1754,204,1,6,IN_STOCK,2026-09-18
INV1755,P1755,312,4,8,IN_STOCK,2026-09-21
INV1756,P1756,71,4,20,IN_STOCK,2026-09-21
INV1757,P1757,419,5,16,IN_STOCK,2026-09-17
INV1758,P1758,204,4,18,IN_STOCK,2026-09-12
INV1759,P1759,494,1,14,IN_STOCK,2026-09-07
INV1760,P1760,33,3,9,IN_STOCK,2026-09-21
INV1761,P1761,81,3,20,IN_STOCK,2026-09-12
INV1762,P1762,222,1,10,IN_STOCK,2026-09-26
INV1763,P1763,424,4,10,IN_STOCK,2026-08-30
INV1764,P1764,216,3,16,IN_STOCK,2026-09-15
INV1765,P1765,179,2,5,IN_STOCK,2026-09-19
INV1766,P1766,400,2,10,IN_STOCK,2026-09-06
INV1767,P1767,43,2,8,IN_STOCK,2026-09-24
INV1768,P1768,169,4,20,IN_STOCK,2026-09-17
INV1769,P1769,254,1,20,IN_STOCK,2026-09-06
INV1770,P1770,422,5,9,IN_STOCK,2026-09-11
INV1771,P1771,137,0,12,IN_STOCK,2026-09-05
INV1772,P1772,352,1,13,IN_STOCK,2026-09-22
INV1773,P1773,306,3,6,IN_STOCK,2026-09-26
INV1774,P1774,437,2,12,IN_STOCK,2026-09-21
INV1775,P1775,106,3,17,IN_STOCK,2026-09-20
INV1776,P1776,70,4,13,IN_STOCK,2026-09-16
INV1777,P1777,423,3,20,IN_STOCK,2026-08-29
INV1778,P1778,144,0,7,IN_STOCK,2026-09-12
INV1779,P1779,244,4,8,IN_STOCK,2026-09-12
INV1780,P1780,241,0,18,IN_STOCK,2026-08-29
INV1781,P1781,82,5,12,IN_STOCK,2026-09-11
INV1782,P1782,87,1,6,IN_STOCK,2026-09-24
INV1783,P1783,61,0,10,IN_STOCK,2026-09-03
INV1784,P1784,449,1,11,IN_STOCK,2026-09-03
INV1785,P1785,225,5,20,IN_STOCK,2026-09-02
INV1786,P1786,138,5,14,IN_STOCK,2026-09-19
INV1787,P1787,81,4,9,IN_STOCK,2026-08-30
INV1788,P1788,210,0,11,IN_STOCK,2026-09-09
INV1789,P1789,73,4,9,IN_STOCK,2026-09-24
INV1790,P1790,15,3,8,IN_STOCK,2026-09-17
INV1791,P1791,162,3,8,IN_STOCK,2026-08-31
INV1792,P1792,458,5,13,IN_STOCK,2026-09-23
INV1793,P1793,228,4,10,IN_STOCK,2026-09-16
INV1794,P1794,133,5,20,IN_STOCK,2026-09-18
INV1795,P1795,441,5,13,IN_STOCK,2026-08-29
INV1796,P1796,192,1,7,IN_STOCK,2026-09-16
INV1797,P1797,123,0,18,IN_STOCK,2026-09-15
INV1798,P1798,202,4,17,IN_STOCK,2026-09-06
INV1799,P1799,498,1,8,IN_STOCK,2026-09-06
INV1800,P1800,354,4,18,IN_STOCK,2026-08-30
INV1801,P1801,452,1,6,IN_STOCK,2026-08-31
INV1802,P1802,60,1,14,IN_STOCK,2026-09-16
INV1803,P1803,186,1,16,IN_STOCK,2026-09-04
INV1804,P1804,403,0,10,IN_STOCK,2026-09-25
INV1805,P1805,395,4,16,IN_STOCK,2026-08-28
INV1806,P1806,388,4,12,IN_STOCK,2026-09-20
INV1807,P1807,170,4,20,IN_STOCK,2026-09-06
INV1808,P1808,189,0,15,IN_STOCK,2026-09-25
INV1809,P1809,107,1,14,IN_STOCK,2026-09-25
INV1810,P1810,111,4,7,IN_STOCK,2026-09-05
INV1811,P1811,184,4,16,IN_STOCK,2026-09-21
INV1812,P1812,52,0,15,IN_STOCK,2026-09-26
INV1813,P1813,23,2,20,IN_STOCK,2026-08-31
INV1814,P1814,84,4,5,IN_STOCK,2026-09-24
INV1815,P1815,222,4,11,IN_STOCK,2026-09-23
INV1816,P1816,143,0,16,IN_STOCK,2026-09-04
INV1817,P1817,286,2,16,IN_STOCK,2026-09-20
INV1818,P1818,306,2,9,IN_STOCK,2026-09-02
INV1819,P1819,423,2,12,IN_STOCK,2026-09-24
INV1820,P1820,245,4,19,IN_STOCK,2026-09-04
INV1821,P1821,239,1,6,IN_STOCK,2026-09-17
INV1822,P1822,301,1,13,IN_STOCK,2026-09-12
INV1823,P1823,492,0,9,IN_STOCK,2026-09-06
INV1824,P1824,301,3,18,IN_STOCK,2026-09-08
INV1825,P1825,374,3,16,IN_STOCK,2026-09-19
INV1826,P1826,221,1,10,IN_STOCK,2026-09-01
INV1827,P1827,383,1,8,IN_STOCK,2026-09-19
INV1828,P1828,366,1,20,IN_STOCK,2026-08-28
INV1829,P1829,100,5,18,IN_STOCK,2026-09-22
INV1830,P1830,112,5,12,IN_STOCK,2026-09-17
INV1831,P1831,20,0,6,IN_STOCK,2026-09-11
INV1832,P1832,16,4,5,IN_STOCK,2026-09-26
INV1833,P1833,106,1,20,IN_STOCK,2026-09-09
INV1834,P1834,317,4,16,IN_STOCK,2026-09-05
INV1835,P1835,426,3,19,IN_STOCK,2026-09-16
INV1836,P1836,423,0,14,IN_STOCK,2026-09-25
INV1837,P1837,95,3,8,IN_STOCK,2026-09-11
INV1838,P1838,435,5,17,IN_STOCK,2026-09-04
INV1839,P1839,82,5,12,IN_STOCK,2026-08-29
INV1840,P1840,425,4,8,IN_STOCK,2026-09-07
INV1841,P1841,339,0,11,IN_STOCK,2026-09-25
INV1842,P1842,159,5,18,IN_STOCK,2026-09-22
INV1843,P1843,63,2,15,IN_STOCK,2026-09-08
INV1844,P1844,404,3,6,IN_STOCK,2026-09-01
INV1845,P1845,287,1,10,IN_STOCK,2026-09-08
INV1846,P1846,207,5,11,IN_STOCK,2026-09-12
INV1847,P1847,278,2,10,IN_STOCK,2026-09-11
INV1848,P1848,466,2,12,IN_STOCK,2026-09-26
INV1849,P1849,33,0,17,IN_STOCK,2026-08-28
INV1850,P1850,100,0,17,IN_STOCK,2026-09-02
INV1851,P1851,328,0,13,IN_STOCK,2026-09-10
INV1852,P1852,477,0,13,IN_STOCK,2026-09-14
INV1853,P1853,441,5,11,IN_STOCK,2026-09-24
INV1854,P1854,75,5,12,IN_STOCK,2026-09-26
INV1855,P1855,44,0,10,IN_STOCK,2026-09-17
INV1856,P1856,155,5,14,IN_STOCK,2026-09-18
INV1857,P1857,212,0,11,IN_STOCK,2026-08-29
INV1858,P1858,28,0,20,IN_STOCK,2026-09-15
INV1859,P1859,52,2,7,IN_STOCK,2026-09-26
INV1860,P1860,236,1,6,IN_STOCK,2026-09-05
INV1861,P1861,17,5,9,IN_STOCK,2026-08-31
INV1862,P1862,210,5,17,IN_STOCK,2026-09-26
INV1863,P1863,109,4,15,IN_STOCK,2026-09-13
INV1864,P1864,157,0,10,IN_STOCK,2026-09-23
INV1865,P1865,43,0,18,IN_STOCK,2026-09-18
INV1866,P1866,199,5,6,IN_STOCK,2026-09-06
INV1867,P1867,298,1,6,IN_STOCK,2026-08-28
INV1868,P1868,47,3,5,IN_STOCK,2026-09-14
INV1869,P1869,240,0,12,IN_STOCK,2026-09-09
INV1870,P1870,242,3,16,IN_STOCK,2026-09-26
INV1871,P1871,461,4,10,IN_STOCK,2026-09-22
INV1872,P1872,220,5,12,IN_STOCK,2026-09-04
INV1873,P1873,245,2,19,IN_STOCK,2026-09-10
INV1874,P1874,78,0,11,IN_STOCK,2026-09-08
INV1875,P1875,470,5,19,IN_STOCK,2026-09-24
INV1876,P1876,82,5,20,IN_STOCK,2026-09-21
INV1877,P1877,221,4,6,IN_STOCK,2026-09-10
INV1878,P1878,489,0,18,IN_STOCK,2026-09-08
INV1879,P1879,351,5,10,IN_STOCK,2026-08-30
INV1880,P1880,420,1,11,IN_STOCK,2026-09-04
INV1881,P1881,76,2,20,IN_STOCK,2026-08-31
INV1882,P1882,412,2,7,IN_STOCK,2026-09-19
INV1883,P1883,170,3,16,IN_STOCK,2026-09-23
INV1884,P1884,308,5,19,IN_STOCK,2026-09-02
INV1885,P1885,91,0,9,IN_STOCK,2026-09-17
INV1886,P1886,292,4,20,IN_STOCK,2026-09-19
INV1887,P1887,396,5,6,IN_STOCK,2026-09-21
INV1888,P1888,402,2,5,IN_STOCK,2026-08-28
INV1889,P1889,239,2,5,IN_STOCK,2026-09-15
INV1890,P1890,100,2,9,IN_STOCK,2026-09-15
INV1891,P1891,334,1,15,IN_STOCK,2026-09-10
INV1892,P1892,328,0,18,IN_STOCK,2026-09-07
INV1893,P1893,260,4,15,IN_STOCK,2026-09-02
INV1894,P1894,231,1,15,IN_STOCK,2026-09-13
INV1895,P1895,26,4,9,IN_STOCK,2026-09-22
INV1896,P1896,473,5,20,IN_STOCK,2026-09-25
INV1897,P1897,181,4,16,IN_STOCK,2026-08-30
INV1898,P1898,378,4,13,IN_STOCK,2026-09-01
INV1899,P1899,480,3,7,IN_STOCK,2026-09-15
INV1900,P1900,134,2,7,IN_STOCK,2026-09-09
INV1901,P1901,452,3,7,IN_STOCK,2026-09-25
INV1902,P1902,308,4,19,IN_STOCK,2026-09-03
INV1903,P1903,112,0,7,IN_STOCK,2026-09-21
INV1904,P1904,117,1,6,IN_STOCK,2026-09-01
INV1905,P1905,428,1,11,IN_STOCK,2026-09-12
INV1906,P1906,236,2,10,IN_STOCK,2026-08-28
INV1907,P1907,459,4,11,IN_STOCK,2026-09-06
INV1908,P1908,126,4,10,IN_STOCK,2026-09-18
INV1909,P1909,121,0,18,IN_STOCK,2026-08-30
INV1910,P1910,465,2,13,IN_STOCK,2026-09-02
INV1911,P1911,186,3,6,IN_STOCK,2026-09-20
INV1912,P1912,173,3,16,IN_STOCK,2026-08-30
INV1913,P1913,390,0,20,IN_STOCK,2026-09-26
INV1914,P1914,126,4,10,IN_STOCK,2026-09-04
INV1915,P1915,482,3,17,IN_STOCK,2026-09-17
INV1916,P1916,224,3,5,IN_STOCK,2026-09-11
INV1917,P1917,17,0,18,IN_STOCK,2026-08-30
INV1918,P1918,210,0,20,IN_STOCK,2026-09-18
INV1919,P1919,210,4,10,IN_STOCK,2026-08-30
INV1920,P1920,320,0,20,IN_STOCK,2026-09-06
INV1921,P1921,190,0,8,IN_STOCK,2026-08-29
INV1922,P1922,130,5,20,IN_STOCK,2026-09-21
INV1923,P1923,183,2,14,IN_STOCK,2026-09-23
INV1924,P1924,184,1,16,IN_STOCK,2026-08-29
INV1925,P1925,199,3,18,IN_STOCK,2026-09-22
INV1926,P1926,412,2,13,IN_STOCK,2026-08-31
INV1927,P1927,410,5,12,IN_STOCK,2026-09-19
INV1928,P1928,250,2,5,IN_STOCK,2026-09-04
INV1929,P1929,51,0,20,IN_STOCK,2026-09-16
INV1930,P1930,415,2,13,IN_STOCK,2026-09-04
INV1931,P1931,334,5,5,IN_STOCK,2026-09-22
INV1932,P1932,258,4,15,IN_STOCK,2026-09-05
INV1933,P1933,161,2,6,IN_STOCK,2026-09-26
INV1934,P1934,368,4,5,IN_STOCK,2026-09-17
INV1935,P1935,24,1,18,IN_STOCK,2026-09-23
INV1936,P1936,205,3,10,IN_STOCK,2026-09-05
INV1937,P1937,111,3,19,IN_STOCK,2026-09-11
INV1938,P1938,36,4,15,IN_STOCK,2026-09-11
INV1939,P1939,291,0,5,IN_STOCK,2026-09-22
INV1940,P1940,339,1,14,IN_STOCK,2026-09-12
INV1941,P1941,264,3,7,IN_STOCK,2026-08-29
INV1942,P1942,491,1,12,IN_STOCK,2026-08-28
INV1943,P1943,185,2,7,IN_STOCK,2026-09-19
INV1944,P1944,365,4,9,IN_STOCK,2026-09-04
INV1945,P1945,126,1,12,IN_STOCK,2026-09-22
INV1946,P1946,125,2,20,IN_STOCK,2026-09-21
INV1947,P1947,266,2,15,IN_STOCK,2026-09-25
INV1948,P1948,352,5,18,IN_STOCK,2026-09-13
INV1949,P1949,308,0,20,IN_STOCK,2026-09-24
INV1950,P1950,470,2,10,IN_STOCK,2026-09-05
INV1951,P1951,146,2,16,IN_STOCK,2026-09-19
INV1952,P1952,177,1,13,IN_STOCK,2026-09-10
INV1953,P1953,404,4,17,IN_STOCK,2026-09-01
INV1954,P1954,112,3,14,IN_STOCK,2026-08-31
INV1955,P1955,300,5,13,IN_STOCK,2026-09-17
INV1956,P1956,450,0,15,IN_STOCK,2026-09-23
INV1957,P1957,318,4,10,IN_STOCK,2026-08-28
INV1958,P1958,49,5,8,IN_STOCK,2026-09-17
INV1959,P1959,165,0,19,IN_STOCK,2026-09-25
INV1960,P1960,340,5,11,IN_STOCK,2026-09-02
INV1961,P1961,21,3,14,IN_STOCK,2026-09-26
INV1962,P1962,486,0,11,IN_STOCK,2026-09-15
INV1963,P1963,54,3,12,IN_STOCK,2026-09-02
INV1964,P1964,255,1,7,IN_STOCK,2026-09-05
INV1965,P1965,25,1,6,IN_STOCK,2026-09-19
INV1966,P1966,469,3,6,IN_STOCK,2026-09-16
INV1967,P1967,22,4,13,IN_STOCK,2026-09-16
INV1968,P1968,296,4,20,IN_STOCK,2026-09-03
INV1969,P1969,243,4,20,IN_STOCK,2026-08-28
INV1970,P1970,286,3,9,IN_STOCK,2026-09-24
INV1971,P1971,187,4,14,IN_STOCK,2026-08-29
INV1972,P1972,318,2,13,IN_STOCK,2026-09-22
INV1973,P1973,286,0,10,IN_STOCK,2026-09-03
INV1974,P1974,333,4,10,IN_STOCK,2026-08-28
INV1975,P1975,460,5,8,IN_STOCK,2026-09-08
INV1976,P1976,140,4,10,IN_STOCK,2026-09-02
INV1977,P1977,290,1,17,IN_STOCK,2026-09-19
INV1978,P1978,362,1,8,IN_STOCK,2026-08-30
INV1979,P1979,467,0,8,IN_STOCK,2026-09-05
INV1980,P1980,165,0,11,IN_STOCK,2026-09-17
INV1981,P1981,71,2,11,IN_STOCK,2026-09-06
INV1982,P1982,493,0,16,IN_STOCK,2026-09-09
INV1983,P1983,116,0,14,IN_STOCK,2026-09-10
INV1984,P1984,357,3,20,IN_STOCK,2026-09-10
INV1985,P1985,368,2,20,IN_STOCK,2026-09-07
INV1986,P1986,23,4,17,IN_STOCK,2026-09-12
INV1987,P1987,57,0,7,IN_STOCK,2026-09-25
INV1988,P1988,27,4,15,IN_STOCK,2026-09-15
INV1989,P1989,58,4,5,IN_STOCK,2026-09-05
INV1990,P1990,267,5,10,IN_STOCK,2026-09-09
INV1991,P1991,70,0,20,IN_STOCK,2026-09-13
INV1992,P1992,228,2,8,IN_STOCK,2026-09-22
INV1993,P1993,12,5,17,IN_STOCK,2026-09-20
INV1994,P1994,184,5,20,IN_STOCK,2026-08-28
INV1995,P1995,389,2,5,IN_STOCK,2026-08-31
INV1996,P1996,469,5,16,IN_STOCK,2026-09-05
INV1997,P1997,233,1,18,IN_STOCK,2026-08-28
INV1998,P1998,253,4,17,IN_STOCK,2026-09-11
INV1999,P1999,302,3,10,IN_STOCK,2026-09-03
INV2000,P2000,414,3,10,IN_STOCK,2026-09-11
