relationship_id,product_a,product_b,co_purchase_count,support,confidence,lift,relationship_type
R00001,P0222,P1895,349,0.0648,0.6692,4.89,CO_PURCHASE
R00002,P0871,P1031,21,0.0887,0.5816,4.48,CO_PURCHASE
R00003,P0365,P1414,299,0.0159,0.6937,4.65,CO_PURCHASE
R00004,P1519,P1870,479,0.0745,0.2061,2.38,CO_PURCHASE
R00005,P0984,P0937,492,0.077,0.3327,4.91,CO_PURCHASE
R00006,P0844,P1519,290,0.0633,0.2002,4.05,CO_PURCHASE
R00007,P1758,P0281,232,0.0163,0.6825,1.53,CO_PURCHASE
R00008,P1179,P1270,396,0.0413,0.7088,2.85,CO_PURCHASE
R00009,P1608,P1547,365,0.0357,0.7731,3.82,CO_PURCHASE
R00010,P1946,P0881,481,0.0888,0.2286,4.94,CO_PURCHASE
R00011,P0742,P1165,225,0.0552,0.2327,4.77,CO_PURCHASE
R00012,P1794,P1484,347,0.0144,0.6183,3.88,CO_PURCHASE
R00013,P0670,P1519,214,0.0502,0.7613,2.16,CO_PURCHASE
R00014,P1959,P1203,236,0.0271,0.6372,3.19,CO_PURCHASE
R00015,P0647,P1277,185,0.066,0.5211,4.11,CO_PURCHASE
R00016,P1768,P0992,81,0.0291,0.3758,2.92,CO_PURCHASE
R00017,P0757,P1023,494,0.0969,0.6049,3.23,CO_PURCHASE
R00018,P1591,P0157,80,0.0629,0.7785,2.07,CO_PURCHASE
R00019,P1895,P0519,111,0.0305,0.6229,3.82,CO_PURCHASE
R00020,P1668,P0365,87,0.0859,0.3506,2.91,CO_PURCHASE
R00021,P1788,P0726,43,0.0877,0.6846,4.1,CO_PURCHASE
R00022,P0382,P1985,220,0.0157,0.5696,4.81,CO_PURCHASE
R00023,P1743,P0495,288,0.0899,0.2026,2.03,CO_PURCHASE
R00024,P1431,P0365,303,0.0882,0.3199,2.92,CO_PURCHASE
R00025,P0838,P1063,116,0.0344,0.5888,2.23,CO_PURCHASE
R00026,P0678,P1959,296,0.0172,0.6797,2.86,CO_PURCHASE
R00027,P0258,P0328,221,0.0754,0.5732,1.45,CO_PURCHASE
R00028,P0901,P0384,33,0.0468,0.6818,4.9,CO_PURCHASE
R00029,P0222,P0225,429,0.0497,0.3891,1.6,CO_PURCHASE
R00030,P1165,P1148,274,0.0549,0.2717,3.2,CO_PURCHASE
R00031,P0540,P1257,474,0.0942,0.6493,3.71,CO_PURCHASE
R00032,P0384,P0468,448,0.0595,0.427,4.19,CO_PURCHASE
R00033,P1958,P1026,420,0.0818,0.7552,2.95,CO_PURCHASE
R00034,P0250,P0916,135,0.095,0.4728,1.38,CO_PURCHASE
R00035,P1433,P1225,80,0.0164,0.3051,3.08,CO_PURCHASE
R00036,P0728,P1946,126,0.0934,0.7806,2.64,CO_PURCHASE
R00037,P1782,P0040,262,0.0465,0.3511,3.62,CO_PURCHASE
R00038,P0981,P0548,95,0.0866,0.316,1.68,CO_PURCHASE
R00039,P0384,P1980,104,0.0521,0.4617,2.51,CO_PURCHASE
R00040,P0870,P1946,243,0.0727,0.3557,4.39,CO_PURCHASE
R00041,P1769,P1859,272,0.0552,0.7049,3.93,CO_PURCHASE
R00042,P1476,P0805,164,0.0615,0.5897,3.6,CO_PURCHASE
R00043,P0472,P0650,214,0.0525,0.3083,1.27,CO_PURCHASE
R00044,P0508,P0845,223,0.0961,0.6994,1.49,CO_PURCHASE
R00045,P0678,P0321,293,0.0664,0.493,2.97,CO_PURCHASE
R00046,P0988,P1312,103,0.0402,0.2599,3.56,CO_PURCHASE
R00047,P1596,P1319,413,0.033,0.2297,4.94,CO_PURCHASE
R00048,P0479,P0726,12,0.0785,0.2243,4.95,CO_PURCHASE
R00049,P0919,P0222,244,0.0575,0.4135,3.2,CO_PURCHASE
R00050,P0786,P0355,51,0.0295,0.4994,3.18,CO_PURCHASE
R00051,P0229,P1355,356,0.0273,0.3084,1.98,CO_PURCHASE
R00052,P1395,P0590,254,0.0857,0.2388,3.4,CO_PURCHASE
R00053,P1928,P0619,451,0.0751,0.2943,2.98,CO_PURCHASE
R00054,P0786,P1391,111,0.088,0.374,4.68,CO_PURCHASE
R00055,P0926,P1770,15,0.0791,0.6806,4.87,CO_PURCHASE
R00056,P0335,P1619,131,0.0895,0.7896,4.78,CO_PURCHASE
R00057,P1497,P1868,215,0.0146,0.7964,1.57,CO_PURCHASE
R00058,P1889,P1064,170,0.0963,0.3821,2.16,CO_PURCHASE
R00059,P1702,P0577,401,0.0282,0.2179,3.31,CO_PURCHASE
R00060,P1669,P0215,234,0.0426,0.5892,4.3,CO_PURCHASE
R00061,P1541,P1391,328,0.0132,0.5453,3.61,CO_PURCHASE
R00062,P0628,P1366,299,0.0873,0.3264,2.59,CO_PURCHASE
R00063,P0715,P1551,172,0.0637,0.5589,2.71,CO_PURCHASE
R00064,P0589,P0334,27,0.0884,0.218,3.93,CO_PURCHASE
R00065,P1162,P1986,259,0.0175,0.4787,1.87,CO_PURCHASE
R00066,P0289,P0393,329,0.0591,0.2141,1.16,CO_PURCHASE
R00067,P0666,P0035,24,0.094,0.7261,3.11,CO_PURCHASE
R00068,P0895,P1643,320,0.0893,0.635,2.48,CO_PURCHASE
R00069,P1011,P0181,185,0.0649,0.2762,4.85,CO_PURCHASE
R00070,P1843,P1802,63,0.0558,0.2347,3.12,CO_PURCHASE
R00071,P0236,P0806,491,0.019,0.7278,3.55,CO_PURCHASE
R00072,P1742,P0125,309,0.0153,0.7418,2.09,CO_PURCHASE
R00073,P0753,P1951,390,0.0575,0.7354,3.05,CO_PURCHASE
R00074,P1960,P1801,73,0.0368,0.55,3.51,CO_PURCHASE
R00075,P0715,P0753,251,0.0269,0.6534,1.68,CO_PURCHASE
R00076,P1036,P1460,279,0.0989,0.3285,3.74,CO_PURCHASE
R00077,P1482,P1239,308,0.0965,0.4538,2.06,CO_PURCHASE
R00078,P0457,P1986,461,0.0623,0.2414,1.77,CO_PURCHASE
R00079,P1983,P1355,434,0.0361,0.4926,3.72,CO_PURCHASE
R00080,P1306,P1234,467,0.0899,0.4199,1.23,CO_PURCHASE
R00081,P0856,P1194,267,0.0126,0.3136,2.57,CO_PURCHASE
R00082,P1928,P0634,119,0.067,0.6394,2.85,CO_PURCHASE
R00083,P0085,P1518,318,0.0419,0.3208,4.73,CO_PURCHASE
R00084,P1473,P1928,240,0.0473,0.5276,2.56,CO_PURCHASE
R00085,P1251,P1366,81,0.0714,0.4692,1.53,CO_PURCHASE
R00086,P0402,P0403,431,0.0897,0.4557,1.31,CO_PURCHASE
R00087,P0562,P0229,186,0.022,0.5009,4.25,CO_PURCHASE
R00088,P0634,P0786,323,0.0532,0.5998,4.75,CO_PURCHASE
R00089,P0869,P0083,158,0.0728,0.5679,3.16,CO_PURCHASE
R00090,P0355,P0253,452,0.0967,0.207,3.82,CO_PURCHASE
R00091,P0171,P1188,166,0.0314,0.5779,1.49,CO_PURCHASE
R00092,P0936,P0544,237,0.0472,0.627,3.82,CO_PURCHASE
R00093,P0768,P1239,245,0.0613,0.4746,3.25,CO_PURCHASE
R00094,P0666,P0452,438,0.0377,0.4489,1.24,CO_PURCHASE
R00095,P0027,P1395,258,0.0698,0.7753,1.95,CO_PURCHASE
R00096,P1986,P1224,138,0.0837,0.4199,2.97,CO_PURCHASE
R00097,P1239,P0311,232,0.0323,0.6046,4.81,CO_PURCHASE
R00098,P0486,P0364,442,0.0475,0.7983,3.07,CO_PURCHASE
R00099,P1708,P1011,172,0.0377,0.3013,4.54,CO_PURCHASE
R00100,P1110,P1344,316,0.0884,0.3103,3.57,CO_PURCHASE
R00101,P1216,P0206,358,0.0251,0.209,1.73,CO_PURCHASE
R00102,P0179,P1569,52,0.0368,0.589,1.32,CO_PURCHASE
R00103,P0744,P0815,446,0.0764,0.3682,1.17,CO_PURCHASE
R00104,P0997,P0063,323,0.0224,0.2393,3.9,CO_PURCHASE
R00105,P0465,P1905,378,0.0429,0.3483,4.07,CO_PURCHASE
R00106,P1908,P1819,126,0.0491,0.7965,3.1,CO_PURCHASE
R00107,P0997,P1493,92,0.0825,0.2113,1.32,CO_PURCHASE
R00108,P1098,P0063,388,0.0485,0.5685,3.25,CO_PURCHASE
R00109,P1415,P0551,78,0.0446,0.2182,2.8,CO_PURCHASE
R00110,P1437,P1393,494,0.0736,0.596,1.35,CO_PURCHASE
R00111,P0876,P1569,194,0.0597,0.5921,3.17,CO_PURCHASE
R00112,P0595,P0833,363,0.0476,0.2791,2.34,CO_PURCHASE
R00113,P1660,P1514,299,0.0289,0.741,3.61,CO_PURCHASE
R00114,P1943,P1320,50,0.0112,0.7666,3.8,CO_PURCHASE
R00115,P1086,P0534,457,0.0931,0.4801,3.1,CO_PURCHASE
R00116,P1387,P0160,341,0.0334,0.4822,3.64,CO_PURCHASE
R00117,P0333,P0208,424,0.067,0.3749,3.42,CO_PURCHASE
R00118,P1883,P0007,487,0.0371,0.3901,3.09,CO_PURCHASE
R00119,P1311,P0854,373,0.0405,0.4017,4.43,CO_PURCHASE
R00120,P1219,P0609,153,0.0588,0.2091,3.55,CO_PURCHASE
R00121,P1660,P1214,101,0.0559,0.2937,2.59,CO_PURCHASE
R00122,P1513,P1617,93,0.0787,0.3273,3.51,CO_PURCHASE
R00123,P1154,P1660,102,0.0425,0.7728,1.68,CO_PURCHASE
R00124,P0276,P0514,338,0.0694,0.6484,4.66,CO_PURCHASE
R00125,P0394,P0121,104,0.0413,0.6911,1.18,CO_PURCHASE
R00126,P1211,P1236,187,0.0952,0.4608,4.8,CO_PURCHASE
R00127,P0940,P1035,371,0.0156,0.734,3.23,CO_PURCHASE
R00128,P0160,P0825,344,0.069,0.7501,3.26,CO_PURCHASE
R00129,P1967,P1858,246,0.0388,0.2396,2.65,CO_PURCHASE
R00130,P1818,P1009,323,0.0392,0.5069,3.41,CO_PURCHASE
R00131,P1922,P1908,128,0.0378,0.286,4.86,CO_PURCHASE
R00132,P0510,P0825,273,0.0412,0.649,1.87,CO_PURCHASE
R00133,P0510,P0499,355,0.0824,0.7692,1.99,CO_PURCHASE
R00134,P1098,P0329,376,0.0384,0.2282,3.97,CO_PURCHASE
R00135,P0490,P1043,11,0.0325,0.5044,1.14,CO_PURCHASE
R00136,P0206,P1141,326,0.0179,0.7114,2.69,CO_PURCHASE
R00137,P0680,P1376,447,0.0314,0.2312,1.44,CO_PURCHASE
R00138,P1437,P0922,48,0.032,0.5957,3.82,CO_PURCHASE
R00139,P0940,P1624,334,0.0734,0.2999,4.22,CO_PURCHASE
R00140,P1131,P1255,384,0.0447,0.6947,1.78,CO_PURCHASE
R00141,P0235,P1154,153,0.0595,0.4641,3.93,CO_PURCHASE
R00142,P0922,P1589,402,0.0634,0.7238,2.31,CO_PURCHASE
R00143,P1344,P0893,202,0.0172,0.4719,1.85,CO_PURCHASE
R00144,P0638,P0167,354,0.0622,0.6083,2.48,CO_PURCHASE
R00145,P0692,P1097,285,0.0882,0.7752,3.88,CO_PURCHASE
R00146,P1116,P0825,15,0.094,0.44,2.16,CO_PURCHASE
R00147,P1877,P1819,351,0.0903,0.7128,3.72,CO_PURCHASE
R00148,P0287,P1108,319,0.0975,0.6605,3.22,CO_PURCHASE
R00149,P0833,P0192,25,0.0967,0.6647,3.54,CO_PURCHASE
R00150,P0782,P1358,358,0.0191,0.2585,3.5,CO_PURCHASE
R00151,P1282,P0086,236,0.0677,0.7579,4.77,CO_PURCHASE
R00152,P0414,P1230,155,0.0105,0.4973,3.19,CO_PURCHASE
R00153,P0569,P1334,264,0.0348,0.794,2.94,CO_PURCHASE
R00154,P1346,P0284,282,0.0475,0.4599,1.9,CO_PURCHASE
R00155,P0337,P1684,249,0.0444,0.6148,3.66,CO_PURCHASE
R00156,P0832,P0131,281,0.0906,0.2295,4.7,CO_PURCHASE
R00157,P1030,P1069,70,0.0486,0.4489,4.33,CO_PURCHASE
R00158,P1611,P1030,375,0.0916,0.2854,3.7,CO_PURCHASE
R00159,P1061,P1832,395,0.0599,0.3111,2.42,CO_PURCHASE
R00160,P0368,P1399,103,0.0598,0.6717,2.39,CO_PURCHASE
R00161,P1842,P1863,141,0.0918,0.7571,3.42,CO_PURCHASE
R00162,P1030,P1253,250,0.0756,0.2955,3.59,CO_PURCHASE
R00163,P1989,P1863,471,0.0662,0.7069,2.94,CO_PURCHASE
R00164,P1127,P0107,27,0.0103,0.6741,1.93,CO_PURCHASE
R00165,P0607,P1399,410,0.0821,0.2795,4.62,CO_PURCHASE
R00166,P0769,P0451,133,0.0727,0.4391,2.17,CO_PURCHASE
R00167,P0839,P1973,118,0.0358,0.758,3.74,CO_PURCHASE
R00168,P0176,P1033,202,0.0984,0.3457,1.24,CO_PURCHASE
R00169,P0041,P1993,352,0.0503,0.6935,2.57,CO_PURCHASE
R00170,P1517,P1531,117,0.0515,0.4567,3.59,CO_PURCHASE
R00171,P0463,P0005,435,0.0792,0.5939,1.38,CO_PURCHASE
R00172,P1348,P0205,227,0.0278,0.4821,3.16,CO_PURCHASE
R00173,P1554,P0420,403,0.0384,0.4933,3.54,CO_PURCHASE
R00174,P0158,P1773,281,0.0962,0.6744,2.87,CO_PURCHASE
R00175,P1346,P1892,88,0.0958,0.3598,3.37,CO_PURCHASE
R00176,P1898,P1228,64,0.0314,0.5874,2.85,CO_PURCHASE
R00177,P1466,P0098,352,0.0603,0.4644,4.74,CO_PURCHASE
R00178,P0492,P0437,75,0.0524,0.2962,1.73,CO_PURCHASE
R00179,P0585,P0391,252,0.0577,0.7362,4.46,CO_PURCHASE
R00180,P1348,P1295,344,0.0624,0.5565,2.16,CO_PURCHASE
R00181,P0752,P0368,334,0.0143,0.7039,4.57,CO_PURCHASE
R00182,P0141,P0672,480,0.0461,0.4608,1.51,CO_PURCHASE
R00183,P0723,P1028,299,0.0853,0.401,2.93,CO_PURCHASE
R00184,P0900,P1185,446,0.035,0.6871,2.89,CO_PURCHASE
R00185,P0521,P0155,305,0.0477,0.4056,4.92,CO_PURCHASE
R00186,P0263,P1680,211,0.0844,0.647,4.11,CO_PURCHASE
R00187,P1440,P1548,240,0.0391,0.5608,3.61,CO_PURCHASE
R00188,P0195,P0197,139,0.0363,0.4648,3.3,CO_PURCHASE
R00189,P0255,P0275,384,0.0353,0.2147,4.49,CO_PURCHASE
R00190,P0900,P1993,352,0.0675,0.5644,4.02,CO_PURCHASE
R00191,P1725,P1388,331,0.0961,0.4206,3.31,CO_PURCHASE
R00192,P1745,P0263,152,0.0671,0.7975,3.99,CO_PURCHASE
R00193,P0565,P1550,254,0.0641,0.6196,2.57,CO_PURCHASE
R00194,P1470,P0892,42,0.051,0.7847,1.37,CO_PURCHASE
R00195,P1149,P0942,82,0.0164,0.6963,1.95,CO_PURCHASE
R00196,P1105,P1842,379,0.0962,0.5869,3.57,CO_PURCHASE
R00197,P0904,P1666,379,0.0179,0.7015,4.58,CO_PURCHASE
R00198,P1536,P1829,47,0.0441,0.364,4.62,CO_PURCHASE
R00199,P0681,P0299,38,0.0527,0.2983,1.74,CO_PURCHASE
