node_id,from_node,to_node,distance
1,L001,L002,1.0
2,L001,L006,5.0
3,L002,L003,1.0
4,L003,L004,1.0
5,L004,L005,1.0
6,L006,L007,1.0
7,L006,L011,5.0
8,L007,L008,1.0
9,L008,L009,1.0
10,L009,L010,1.0
11,L011,L012,1.0
12,L011,L016,5.0
13,L012,L013,1.0
14,L013,L014,1.0
15,L014,L015,1.0
16,L016,L017,1.0
17,L016,L021,5.0
18,L017,L018,1.0
19,L018,L019,1.0
20,L019,L020,1.0
21,L021,L022,1.0
22,L021,L026,5.0
23,L022,L023,1.0
24,L023,L024,1.0
25,L024,L025,1.0
26,L026,L027,1.0
27,L026,L031,5.0
28,L027,L028,1.0
29,L028,L029,1.0
30,L029,L030,1.0
31,L031,L032,1.0
32,L031,L036,5.0
33,L032,L033,1.0
34,L033,L034,1.0
35,L034,L035,1.0
36,L036,L037,1.0
37,L036,L041,5.0
38,L037,L038,1.0
39,L038,L039,1.0
40,L039,L040,1.0
41,L041,L042,1.0
42,L041,L046,5.0
43,L042,L043,1.0
44,L043,L044,1.0
45,L044,L045,1.0
46,L046,L047,1.0
47,L046,L051,5.0
48,L047,L048,1.0
49,L048,L049,1.0
50,L049,L050,1.0
51,L051,L052,1.0
52,L051,L056,5.0
53,L052,L053,1.0
54,L053,L054,1.0
55,L054,L055,1.0
56,L056,L057,1.0
57,L056,L061,5.0
58,L057,L058,1.0
59,L058,L059,1.0
60,L059,L060,1.0
61,L061,L062,1.0
62,L061,L066,5.0
63,L062,L063,1.0
64,L063,L064,1.0
65,L064,L065,1.0
66,L066,L067,1.0
67,L066,L071,5.0
68,L067,L068,1.0
69,L068,L069,1.0
70,L069,L070,1.0
71,L071,L072,1.0
72,L071,L076,5.0
73,L072,L073,1.0
74,L073,L074,1.0
75,L074,L075,1.0
76,L076,L077,1.0
77,L076,L081,5.0
78,L077,L078,1.0
79,L078,L079,1.0
80,L079,L080,1.0
81,L081,L082,1.0
82,L081,L086,5.0
83,L082,L083,1.0
84,L083,L084,1.0
85,L084,L085,1.0
86,L086,L087,1.0
87,L086,L091,5.0
88,L087,L088,1.0
89,L088,L089,1.0
90,L089,L090,1.0
91,L091,L092,1.0
92,L091,L096,5.0
93,L092,L093,1.0
94,L093,L094,1.0
95,L094,L095,1.0
96,L096,L097,1.0
97,L096,L101,5.0
98,L097,L098,1.0
99,L098,L099,1.0
100,L099,L100,1.0
101,L101,L102,1.0
102,L102,L103,1.0
103,L103,L104,1.0
104,L104,L105,1.0
105,Entrance,L001,10.0
106,L105,Checkout,10.0
